key_resp.keys,key_resp.rt,sleep_kb.keys,sleep_kb.rt,stress_slide.response,stress_slide.rt,inst_1_1_kb.keys,inst_1_1_kb.rt,inst_1_1_1_kb.keys,inst_1_1_1_kb.rt,inst_1_2_kb.keys,inst_1_2_kb.rt,inst_1_3_kb.keys,inst_1_3_kb.rt,target_kb.keys,targetOnset,target_kb.rt,PRATICA.thisRepN,PRATICA.thisTrialN,PRATICA.thisN,PRATICA.thisIndex,PRATICA.ran,target_col,cue_col,participant,condition,session,date,expName,psychopyVersion,OS,frameRate,inst2_kb.keys,inst2_kb.rt,start_run,TRIAL.thisRepN,TRIAL.thisTrialN,TRIAL.thisN,TRIAL.thisIndex,TRIAL.ran,LW_P,RUN,B
p,5.0399,2,9.5498,2.04687561,23.775,p,15.5973,p,32.9946,p,9.0706,p,6.1685,space,0.0673,0.5813,0,0,0,0,1,nogo.png,cue2.png,GNG29,FS,2,2023-06-22_10h50.59.081,Cued_GNG,2022.2.5,MacIntel,60.04202942,,,,,,,,,,,
,,,,,,,,,,,,,,,0.0515,,0,1,1,1,1,go.png,cue2.png,GNG29,FS,2,2023-06-22_10h50.59.081,Cued_GNG,2022.2.5,MacIntel,60.04202942,,,,,,,,,,,
,,,,,,,,,,,,,,,0.0534,,0,2,2,2,1,nogo.png,cue1.png,GNG29,FS,2,2023-06-22_10h50.59.081,Cued_GNG,2022.2.5,MacIntel,60.04202942,,,,,,,,,,,
,,,,,,,,,,,,,,,0.0611,,0,3,3,3,1,nogo.png,cue2.png,GNG29,FS,2,2023-06-22_10h50.59.081,Cued_GNG,2022.2.5,MacIntel,60.04202942,,,,,,,,,,,
,,,,,,,,,,,,,,space,0.0713,0.6591,0,4,4,4,1,go.png,cue2.png,GNG29,FS,2,2023-06-22_10h50.59.081,Cued_GNG,2022.2.5,MacIntel,60.04202942,,,,,,,,,,,
,,,,,,,,,,,,,,space,0.0552,0.4866,0,5,5,5,1,go.png,cue1.png,GNG29,FS,2,2023-06-22_10h50.59.081,Cued_GNG,2022.2.5,MacIntel,60.04202942,,,,,,,,,,,
,,,,,,,,,,,,,,space,0.0593,0.511,0,6,6,6,1,go.png,cue1.png,GNG29,FS,2,2023-06-22_10h50.59.081,Cued_GNG,2022.2.5,MacIntel,60.04202942,,,,,,,,,,,
,,,,,,,,,,,,,,space,0.05,0.4557,0,7,7,7,1,go.png,cue2.png,GNG29,FS,2,2023-06-22_10h50.59.081,Cued_GNG,2022.2.5,MacIntel,60.04202942,,,,,,,,,,,
,,,,,,,,,,,,,,,0.0512,,0,8,8,8,1,nogo.png,cue2.png,GNG29,FS,2,2023-06-22_10h50.59.081,Cued_GNG,2022.2.5,MacIntel,60.04202942,,,,,,,,,,,
,,,,,,,,,,,,,,,0.0667,,0,9,9,9,1,nogo.png,cue1.png,GNG29,FS,2,2023-06-22_10h50.59.081,Cued_GNG,2022.2.5,MacIntel,60.04202942,,,,,,,,,,,
,,,,,,,,,,,,,,,0.0695,,0,10,10,10,1,go.png,cue1.png,GNG29,FS,2,2023-06-22_10h50.59.081,Cued_GNG,2022.2.5,MacIntel,60.04202942,,,,,,,,,,,
,,,,,,,,,,,,,,,0.0538,,,,,,,nogo.png,,GNG29,FS,2,2023-06-22_10h50.59.081,Cued_GNG,2022.2.5,MacIntel,60.04202942,p,37.278,1,0,0,0,0,1,0.2,1,1
,,,,,,,,,,,,,,,0.0663,,,,,,,nogo.png,,GNG29,FS,2,2023-06-22_10h50.59.081,Cued_GNG,2022.2.5,MacIntel,60.04202942,,,1,0,1,1,1,1,0.2,1,1
,,,,,,,,,,,,,,space,0.0566,0.4803,,,,,,go.png,,GNG29,FS,2,2023-06-22_10h50.59.081,Cued_GNG,2022.2.5,MacIntel,60.04202942,,,1,0,2,2,2,1,0.2,1,1
,,,,,,,,,,,,,,,0.0599,,,,,,,nogo.png,,GNG29,FS,2,2023-06-22_10h50.59.081,Cued_GNG,2022.2.5,MacIntel,60.04202942,,,1,0,3,3,3,1,0.2,1,1
,,,,,,,,,,,,,,,0.0711,,,,,,,nogo.png,,GNG29,FS,2,2023-06-22_10h50.59.081,Cued_GNG,2022.2.5,MacIntel,60.04202942,,,1,0,4,4,4,1,0.2,1,1
,,,,,,,,,,,,,,,0.0761,,,,,,,nogo.png,,GNG29,FS,2,2023-06-22_10h50.59.081,Cued_GNG,2022.2.5,MacIntel,60.04202942,,,1,0,5,5,5,1,0.2,1,1
,,,,,,,,,,,,,,space,0.0657,0.4545,,,,,,go.png,,GNG29,FS,2,2023-06-22_10h50.59.081,Cued_GNG,2022.2.5,MacIntel,60.04202942,,,1,0,6,6,6,1,0.2,1,1
,,,,,,,,,,,,,,,0.0643,,,,,,,nogo.png,,GNG29,FS,2,2023-06-22_10h50.59.081,Cued_GNG,2022.2.5,MacIntel,60.04202942,,,1,0,7,7,7,1,0.2,1,1
,,,,,,,,,,,,,,,0.0613,,,,,,,nogo.png,,GNG29,FS,2,2023-06-22_10h50.59.081,Cued_GNG,2022.2.5,MacIntel,60.04202942,,,1,0,8,8,8,1,0.2,1,1
,,,,,,,,,,,,,,,0.0747,,,,,,,nogo.png,,GNG29,FS,2,2023-06-22_10h50.59.081,Cued_GNG,2022.2.5,MacIntel,60.04202942,,,1,0,9,9,9,1,0.2,1,1
,,,,,,,,,,,,,,,0.0535,,,,,,,nogo.png,,GNG29,FS,2,2023-06-22_10h50.59.081,Cued_GNG,2022.2.5,MacIntel,60.04202942,,,1,0,10,10,10,1,0.2,1,1
,,,,,,,,,,,,,,,0.0541,,,,,,,nogo.png,,GNG29,FS,2,2023-06-22_10h50.59.081,Cued_GNG,2022.2.5,MacIntel,60.04202942,,,1,0,11,11,11,1,0.2,1,1
,,,,,,,,,,,,,,,0.0528,,,,,,,nogo.png,,GNG29,FS,2,2023-06-22_10h50.59.081,Cued_GNG,2022.2.5,MacIntel,60.04202942,,,1,0,12,12,12,1,0.2,1,1
,,,,,,,,,,,,,,space,0.0632,0.4597,,,,,,go.png,,GNG29,FS,2,2023-06-22_10h50.59.081,Cued_GNG,2022.2.5,MacIntel,60.04202942,,,1,0,13,13,13,1,0.2,1,1
,,,,,,,,,,,,,,,0.0551,,,,,,,nogo.png,,GNG29,FS,2,2023-06-22_10h50.59.081,Cued_GNG,2022.2.5,MacIntel,60.04202942,,,1,0,14,14,14,1,0.2,1,1
,,,,,,,,,,,,,,,0.0505,,,,,,,nogo.png,,GNG29,FS,2,2023-06-22_10h50.59.081,Cued_GNG,2022.2.5,MacIntel,60.04202942,,,1,0,15,15,15,1,0.2,1,1
,,,,,,,,,,,,,,,0.0735,,,,,,,nogo.png,,GNG29,FS,2,2023-06-22_10h50.59.081,Cued_GNG,2022.2.5,MacIntel,60.04202942,,,1,0,16,16,16,1,0.2,1,1
,,,,,,,,,,,,,,space,0.0526,0.4674,,,,,,go.png,,GNG29,FS,2,2023-06-22_10h50.59.081,Cued_GNG,2022.2.5,MacIntel,60.04202942,,,1,0,17,17,17,1,0.2,1,1
,,,,,,,,,,,,,,,0.0637,,,,,,,nogo.png,,GNG29,FS,2,2023-06-22_10h50.59.081,Cued_GNG,2022.2.5,MacIntel,60.04202942,,,1,0,18,18,18,1,0.2,1,1
,,,,,,,,,,,,,,,0.0638,,,,,,,nogo.png,,GNG29,FS,2,2023-06-22_10h50.59.081,Cued_GNG,2022.2.5,MacIntel,60.04202942,,,1,0,19,19,19,1,0.2,1,1
,,,,,,,,,,,,,,,0.0763,,,,,,,nogo.png,,GNG29,FS,2,2023-06-22_10h50.59.081,Cued_GNG,2022.2.5,MacIntel,60.04202942,,,1,0,20,20,20,1,0.2,1,1
,,,,,,,,,,,,,,,0.0524,,,,,,,nogo.png,,GNG29,FS,2,2023-06-22_10h50.59.081,Cued_GNG,2022.2.5,MacIntel,60.04202942,,,1,0,21,21,21,1,0.2,1,1
,,,,,,,,,,,,,,space,0.0632,0.4575,,,,,,go.png,,GNG29,FS,2,2023-06-22_10h50.59.081,Cued_GNG,2022.2.5,MacIntel,60.04202942,,,1,0,22,22,22,1,0.2,1,1
,,,,,,,,,,,,,,,0.0553,,,,,,,nogo.png,,GNG29,FS,2,2023-06-22_10h50.59.081,Cued_GNG,2022.2.5,MacIntel,60.04202942,,,1,0,23,23,23,1,0.2,1,1
,,,,,,,,,,,,,,,0.063,,,,,,,nogo.png,,GNG29,FS,2,2023-06-22_10h50.59.081,Cued_GNG,2022.2.5,MacIntel,60.04202942,,,1,0,24,24,24,1,0.2,1,1
,,,,,,,,,,,,,,,0.0564,,,,,,,nogo.png,,GNG29,FS,2,2023-06-22_10h50.59.081,Cued_GNG,2022.2.5,MacIntel,60.04202942,,,1,0,25,25,25,1,0.2,1,1
,,,,,,,,,,,,,,,0.0616,,,,,,,nogo.png,,GNG29,FS,2,2023-06-22_10h50.59.081,Cued_GNG,2022.2.5,MacIntel,60.04202942,,,1,0,26,26,26,1,0.2,1,1
,,,,,,,,,,,,,,,0.0519,,,,,,,nogo.png,,GNG29,FS,2,2023-06-22_10h50.59.081,Cued_GNG,2022.2.5,MacIntel,60.04202942,,,1,0,27,27,27,1,0.2,1,1
,,,,,,,,,,,,,,,0.064,,,,,,,nogo.png,,GNG29,FS,2,2023-06-22_10h50.59.081,Cued_GNG,2022.2.5,MacIntel,60.04202942,,,1,0,28,28,28,1,0.2,1,1
,,,,,,,,,,,,,,,0.0558,,,,,,,nogo.png,,GNG29,FS,2,2023-06-22_10h50.59.081,Cued_GNG,2022.2.5,MacIntel,60.04202942,,,1,0,29,29,29,1,0.2,1,1
,,,,,,,,,,,,,,space,0.055,0.5069,,,,,,go.png,,GNG29,FS,2,2023-06-22_10h50.59.081,Cued_GNG,2022.2.5,MacIntel,60.04202942,,,1,0,30,30,30,1,0.2,1,1
,,,,,,,,,,,,,,,0.0554,,,,,,,nogo.png,,GNG29,FS,2,2023-06-22_10h50.59.081,Cued_GNG,2022.2.5,MacIntel,60.04202942,,,1,0,31,31,31,1,0.2,1,1
,,,,,,,,,,,,,,,0.0573,,,,,,,nogo.png,,GNG29,FS,2,2023-06-22_10h50.59.081,Cued_GNG,2022.2.5,MacIntel,60.04202942,,,1,0,32,32,32,1,0.2,1,1
,,,,,,,,,,,,,,,0.0711,,,,,,,nogo.png,,GNG29,FS,2,2023-06-22_10h50.59.081,Cued_GNG,2022.2.5,MacIntel,60.04202942,,,1,0,33,33,33,1,0.2,1,1
,,,,,,,,,,,,,,space,0.0581,0.5329,,,,,,go.png,,GNG29,FS,2,2023-06-22_10h50.59.081,Cued_GNG,2022.2.5,MacIntel,60.04202942,,,1,0,34,34,34,1,0.2,1,1
,,,,,,,,,,,,,,,0.072,,,,,,,nogo.png,,GNG29,FS,2,2023-06-22_10h50.59.081,Cued_GNG,2022.2.5,MacIntel,60.04202942,,,1,0,35,35,35,1,0.2,1,1
,,,,,,,,,,,,,,,0.0722,,,,,,,nogo.png,,GNG29,FS,2,2023-06-22_10h50.59.081,Cued_GNG,2022.2.5,MacIntel,60.04202942,,,1,0,36,36,36,1,0.2,1,1
,,,,,,,,,,,,,,,0.0545,,,,,,,nogo.png,,GNG29,FS,2,2023-06-22_10h50.59.081,Cued_GNG,2022.2.5,MacIntel,60.04202942,,,1,0,37,37,37,1,0.2,1,1
,,,,,,,,,,,,,,,0.0525,,,,,,,nogo.png,,GNG29,FS,2,2023-06-22_10h50.59.081,Cued_GNG,2022.2.5,MacIntel,60.04202942,,,1,0,38,38,38,1,0.2,1,1
,,,,,,,,,,,,,,space,0.0635,0.5441,,,,,,go.png,,GNG29,FS,2,2023-06-22_10h50.59.081,Cued_GNG,2022.2.5,MacIntel,60.04202942,,,1,0,39,39,39,1,0.2,1,1
,,,,,,,,,,,,,,space,0.0591,0.5405,,,,,,go.png,,GNG29,FS,2,2023-06-22_10h50.59.081,Cued_GNG,2022.2.5,MacIntel,60.04202942,,,1,0,40,40,40,1,0.8,1,2
,,,,,,,,,,,,,,space,0.06,0.4669,,,,,,go.png,,GNG29,FS,2,2023-06-22_10h50.59.081,Cued_GNG,2022.2.5,MacIntel,60.04202942,,,1,0,41,41,41,1,0.8,1,2
,,,,,,,,,,,,,,,0.0672,,,,,,,nogo.png,,GNG29,FS,2,2023-06-22_10h50.59.081,Cued_GNG,2022.2.5,MacIntel,60.04202942,,,1,0,42,42,42,1,0.8,1,2
,,,,,,,,,,,,,,space,0.0716,0.4533,,,,,,go.png,,GNG29,FS,2,2023-06-22_10h50.59.081,Cued_GNG,2022.2.5,MacIntel,60.04202942,,,1,0,43,43,43,1,0.8,1,2
,,,,,,,,,,,,,,space,0.0547,0.4255,,,,,,go.png,,GNG29,FS,2,2023-06-22_10h50.59.081,Cued_GNG,2022.2.5,MacIntel,60.04202942,,,1,0,44,44,44,1,0.8,1,2
,,,,,,,,,,,,,,space,0.0545,0.4421,,,,,,go.png,,GNG29,FS,2,2023-06-22_10h50.59.081,Cued_GNG,2022.2.5,MacIntel,60.04202942,,,1,0,45,45,45,1,0.8,1,2
,,,,,,,,,,,,,,,0.0663,,,,,,,nogo.png,,GNG29,FS,2,2023-06-22_10h50.59.081,Cued_GNG,2022.2.5,MacIntel,60.04202942,,,1,0,46,46,46,1,0.8,1,2
,,,,,,,,,,,,,,space,0.0507,0.5292,,,,,,go.png,,GNG29,FS,2,2023-06-22_10h50.59.081,Cued_GNG,2022.2.5,MacIntel,60.04202942,,,1,0,47,47,47,1,0.8,1,2
,,,,,,,,,,,,,,space,0.0527,0.4258,,,,,,go.png,,GNG29,FS,2,2023-06-22_10h50.59.081,Cued_GNG,2022.2.5,MacIntel,60.04202942,,,1,0,48,48,48,1,0.8,1,2
,,,,,,,,,,,,,,space,0.0663,0.4682,,,,,,go.png,,GNG29,FS,2,2023-06-22_10h50.59.081,Cued_GNG,2022.2.5,MacIntel,60.04202942,,,1,0,49,49,49,1,0.8,1,2
,,,,,,,,,,,,,,space,0.0638,0.4323,,,,,,go.png,,GNG29,FS,2,2023-06-22_10h50.59.081,Cued_GNG,2022.2.5,MacIntel,60.04202942,,,1,0,50,50,50,1,0.8,1,2
,,,,,,,,,,,,,,space,0.0629,0.4374,,,,,,go.png,,GNG29,FS,2,2023-06-22_10h50.59.081,Cued_GNG,2022.2.5,MacIntel,60.04202942,,,1,0,51,51,51,1,0.8,1,2
,,,,,,,,,,,,,,space,0.0534,0.4177,,,,,,go.png,,GNG29,FS,2,2023-06-22_10h50.59.081,Cued_GNG,2022.2.5,MacIntel,60.04202942,,,1,0,52,52,52,1,0.8,1,2
,,,,,,,,,,,,,,,0.0511,,,,,,,nogo.png,,GNG29,FS,2,2023-06-22_10h50.59.081,Cued_GNG,2022.2.5,MacIntel,60.04202942,,,1,0,53,53,53,1,0.8,1,2
,,,,,,,,,,,,,,space,0.0538,0.4663,,,,,,go.png,,GNG29,FS,2,2023-06-22_10h50.59.081,Cued_GNG,2022.2.5,MacIntel,60.04202942,,,1,0,54,54,54,1,0.8,1,2
,,,,,,,,,,,,,,space,0.063,0.4403,,,,,,go.png,,GNG29,FS,2,2023-06-22_10h50.59.081,Cued_GNG,2022.2.5,MacIntel,60.04202942,,,1,0,55,55,55,1,0.8,1,2
,,,,,,,,,,,,,,space,0.0622,0.3716,,,,,,go.png,,GNG29,FS,2,2023-06-22_10h50.59.081,Cued_GNG,2022.2.5,MacIntel,60.04202942,,,1,0,56,56,56,1,0.8,1,2
,,,,,,,,,,,,,,space,0.065,0.3898,,,,,,go.png,,GNG29,FS,2,2023-06-22_10h50.59.081,Cued_GNG,2022.2.5,MacIntel,60.04202942,,,1,0,57,57,57,1,0.8,1,2
,,,,,,,,,,,,,,space,0.0539,0.4004,,,,,,go.png,,GNG29,FS,2,2023-06-22_10h50.59.081,Cued_GNG,2022.2.5,MacIntel,60.04202942,,,1,0,58,58,58,1,0.8,1,2
,,,,,,,,,,,,,,,0.0658,,,,,,,nogo.png,,GNG29,FS,2,2023-06-22_10h50.59.081,Cued_GNG,2022.2.5,MacIntel,60.04202942,,,1,0,59,59,59,1,0.8,1,2
,,,,,,,,,,,,,,space,0.0727,0.4926,,,,,,go.png,,GNG29,FS,2,2023-06-22_10h50.59.081,Cued_GNG,2022.2.5,MacIntel,60.04202942,,,1,0,60,60,60,1,0.8,1,2
,,,,,,,,,,,,,,space,0.0603,0.3903,,,,,,go.png,,GNG29,FS,2,2023-06-22_10h50.59.081,Cued_GNG,2022.2.5,MacIntel,60.04202942,,,1,0,61,61,61,1,0.8,1,2
,,,,,,,,,,,,,,space,0.0552,0.3771,,,,,,go.png,,GNG29,FS,2,2023-06-22_10h50.59.081,Cued_GNG,2022.2.5,MacIntel,60.04202942,,,1,0,62,62,62,1,0.8,1,2
,,,,,,,,,,,,,,space,0.076,0.4851,,,,,,go.png,,GNG29,FS,2,2023-06-22_10h50.59.081,Cued_GNG,2022.2.5,MacIntel,60.04202942,,,1,0,63,63,63,1,0.8,1,2
,,,,,,,,,,,,,,,0.0707,,,,,,,nogo.png,,GNG29,FS,2,2023-06-22_10h50.59.081,Cued_GNG,2022.2.5,MacIntel,60.04202942,,,1,0,64,64,64,1,0.8,1,2
,,,,,,,,,,,,,,space,0.0634,0.4546,,,,,,go.png,,GNG29,FS,2,2023-06-22_10h50.59.081,Cued_GNG,2022.2.5,MacIntel,60.04202942,,,1,0,65,65,65,1,0.8,1,2
,,,,,,,,,,,,,,space,0.0777,0.4178,,,,,,go.png,,GNG29,FS,2,2023-06-22_10h50.59.081,Cued_GNG,2022.2.5,MacIntel,60.04202942,,,1,0,66,66,66,1,0.8,1,2
,,,,,,,,,,,,,,space,0.055,0.3871,,,,,,go.png,,GNG29,FS,2,2023-06-22_10h50.59.081,Cued_GNG,2022.2.5,MacIntel,60.04202942,,,1,0,67,67,67,1,0.8,1,2
,,,,,,,,,,,,,,space,0.0591,0.3792,,,,,,go.png,,GNG29,FS,2,2023-06-22_10h50.59.081,Cued_GNG,2022.2.5,MacIntel,60.04202942,,,1,0,68,68,68,1,0.8,1,2
,,,,,,,,,,,,,,space,0.0543,0.3893,,,,,,go.png,,GNG29,FS,2,2023-06-22_10h50.59.081,Cued_GNG,2022.2.5,MacIntel,60.04202942,,,1,0,69,69,69,1,0.8,1,2
,,,,,,,,,,,,,,,0.0621,,,,,,,nogo.png,,GNG29,FS,2,2023-06-22_10h50.59.081,Cued_GNG,2022.2.5,MacIntel,60.04202942,,,1,0,70,70,70,1,0.8,1,2
,,,,,,,,,,,,,,space,0.0707,0.4636,,,,,,go.png,,GNG29,FS,2,2023-06-22_10h50.59.081,Cued_GNG,2022.2.5,MacIntel,60.04202942,,,1,0,71,71,71,1,0.8,1,2
,,,,,,,,,,,,,,space,0.0537,0.4259,,,,,,go.png,,GNG29,FS,2,2023-06-22_10h50.59.081,Cued_GNG,2022.2.5,MacIntel,60.04202942,,,1,0,72,72,72,1,0.8,1,2
,,,,,,,,,,,,,,,0.0596,,,,,,,nogo.png,,GNG29,FS,2,2023-06-22_10h50.59.081,Cued_GNG,2022.2.5,MacIntel,60.04202942,,,1,0,73,73,73,1,0.8,1,2
,,,,,,,,,,,,,,space,0.0596,0.4017,,,,,,go.png,,GNG29,FS,2,2023-06-22_10h50.59.081,Cued_GNG,2022.2.5,MacIntel,60.04202942,,,1,0,74,74,74,1,0.8,1,2
,,,,,,,,,,,,,,space,0.0559,0.4493,,,,,,go.png,,GNG29,FS,2,2023-06-22_10h50.59.081,Cued_GNG,2022.2.5,MacIntel,60.04202942,,,1,0,75,75,75,1,0.8,1,2
,,,,,,,,,,,,,,space,0.0609,0.3678,,,,,,go.png,,GNG29,FS,2,2023-06-22_10h50.59.081,Cued_GNG,2022.2.5,MacIntel,60.04202942,,,1,0,76,76,76,1,0.8,1,2
,,,,,,,,,,,,,,,0.0739,,,,,,,nogo.png,,GNG29,FS,2,2023-06-22_10h50.59.081,Cued_GNG,2022.2.5,MacIntel,60.04202942,,,1,0,77,77,77,1,0.8,1,2
,,,,,,,,,,,,,,space,0.0642,0.3733,,,,,,go.png,,GNG29,FS,2,2023-06-22_10h50.59.081,Cued_GNG,2022.2.5,MacIntel,60.04202942,,,1,0,78,78,78,1,0.8,1,2
,,,,,,,,,,,,,,space,0.0552,0.4134,,,,,,go.png,,GNG29,FS,2,2023-06-22_10h50.59.081,Cued_GNG,2022.2.5,MacIntel,60.04202942,,,1,0,79,79,79,1,0.8,1,2
,,,,,,,,,,,,,,,0.0529,,,,,,,nogo.png,,GNG29,FS,2,2023-06-22_10h50.59.081,Cued_GNG,2022.2.5,MacIntel,60.04202942,,,1,0,80,80,80,1,0.5,1,3
,,,,,,,,,,,,,,,0.0539,,,,,,,nogo.png,,GNG29,FS,2,2023-06-22_10h50.59.081,Cued_GNG,2022.2.5,MacIntel,60.04202942,,,1,0,81,81,81,1,0.5,1,3
,,,,,,,,,,,,,,space,0.0726,0.396,,,,,,go.png,,GNG29,FS,2,2023-06-22_10h50.59.081,Cued_GNG,2022.2.5,MacIntel,60.04202942,,,1,0,82,82,82,1,0.5,1,3
,,,,,,,,,,,,,,space,0.0667,0.4093,,,,,,go.png,,GNG29,FS,2,2023-06-22_10h50.59.081,Cued_GNG,2022.2.5,MacIntel,60.04202942,,,1,0,83,83,83,1,0.5,1,3
,,,,,,,,,,,,,,,0.0509,,,,,,,nogo.png,,GNG29,FS,2,2023-06-22_10h50.59.081,Cued_GNG,2022.2.5,MacIntel,60.04202942,,,1,0,84,84,84,1,0.5,1,3
,,,,,,,,,,,,,,space,0.0567,0.6519,,,,,,go.png,,GNG29,FS,2,2023-06-22_10h50.59.081,Cued_GNG,2022.2.5,MacIntel,60.04202942,,,1,0,85,85,85,1,0.5,1,3
,,,,,,,,,,,,,,space,0.0547,0.4386,,,,,,go.png,,GNG29,FS,2,2023-06-22_10h50.59.081,Cued_GNG,2022.2.5,MacIntel,60.04202942,,,1,0,86,86,86,1,0.5,1,3
,,,,,,,,,,,,,,,0.0526,,,,,,,nogo.png,,GNG29,FS,2,2023-06-22_10h50.59.081,Cued_GNG,2022.2.5,MacIntel,60.04202942,,,1,0,87,87,87,1,0.5,1,3
,,,,,,,,,,,,,,,0.0571,,,,,,,nogo.png,,GNG29,FS,2,2023-06-22_10h50.59.081,Cued_GNG,2022.2.5,MacIntel,60.04202942,,,1,0,88,88,88,1,0.5,1,3
,,,,,,,,,,,,,,space,0.0509,0.4671,,,,,,go.png,,GNG29,FS,2,2023-06-22_10h50.59.081,Cued_GNG,2022.2.5,MacIntel,60.04202942,,,1,0,89,89,89,1,0.5,1,3
,,,,,,,,,,,,,,space,0.0565,0.4222,,,,,,go.png,,GNG29,FS,2,2023-06-22_10h50.59.081,Cued_GNG,2022.2.5,MacIntel,60.04202942,,,1,0,90,90,90,1,0.5,1,3
,,,,,,,,,,,,,,,0.0647,,,,,,,nogo.png,,GNG29,FS,2,2023-06-22_10h50.59.081,Cued_GNG,2022.2.5,MacIntel,60.04202942,,,1,0,91,91,91,1,0.5,1,3
,,,,,,,,,,,,,,,0.0532,,,,,,,nogo.png,,GNG29,FS,2,2023-06-22_10h50.59.081,Cued_GNG,2022.2.5,MacIntel,60.04202942,,,1,0,92,92,92,1,0.5,1,3
,,,,,,,,,,,,,,space,0.0505,0.4766,,,,,,go.png,,GNG29,FS,2,2023-06-22_10h50.59.081,Cued_GNG,2022.2.5,MacIntel,60.04202942,,,1,0,93,93,93,1,0.5,1,3
,,,,,,,,,,,,,,space,0.06,0.405,,,,,,go.png,,GNG29,FS,2,2023-06-22_10h50.59.081,Cued_GNG,2022.2.5,MacIntel,60.04202942,,,1,0,94,94,94,1,0.5,1,3
,,,,,,,,,,,,,,space,0.0624,0.4637,,,,,,go.png,,GNG29,FS,2,2023-06-22_10h50.59.081,Cued_GNG,2022.2.5,MacIntel,60.04202942,,,1,0,95,95,95,1,0.5,1,3
,,,,,,,,,,,,,,,0.0718,,,,,,,nogo.png,,GNG29,FS,2,2023-06-22_10h50.59.081,Cued_GNG,2022.2.5,MacIntel,60.04202942,,,1,0,96,96,96,1,0.5,1,3
,,,,,,,,,,,,,,,0.0617,,,,,,,nogo.png,,GNG29,FS,2,2023-06-22_10h50.59.081,Cued_GNG,2022.2.5,MacIntel,60.04202942,,,1,0,97,97,97,1,0.5,1,3
,,,,,,,,,,,,,,space,0.0693,0.4117,,,,,,go.png,,GNG29,FS,2,2023-06-22_10h50.59.081,Cued_GNG,2022.2.5,MacIntel,60.04202942,,,1,0,98,98,98,1,0.5,1,3
,,,,,,,,,,,,,,,0.0632,,,,,,,nogo.png,,GNG29,FS,2,2023-06-22_10h50.59.081,Cued_GNG,2022.2.5,MacIntel,60.04202942,,,1,0,99,99,99,1,0.5,1,3
,,,,,,,,,,,,,,,0.0637,,,,,,,nogo.png,,GNG29,FS,2,2023-06-22_10h50.59.081,Cued_GNG,2022.2.5,MacIntel,60.04202942,,,1,0,100,100,100,1,0.5,1,3
,,,,,,,,,,,,,,,0.0646,,,,,,,nogo.png,,GNG29,FS,2,2023-06-22_10h50.59.081,Cued_GNG,2022.2.5,MacIntel,60.04202942,,,1,0,101,101,101,1,0.5,1,3
,,,,,,,,,,,,,,space,0.0539,0.4234,,,,,,go.png,,GNG29,FS,2,2023-06-22_10h50.59.081,Cued_GNG,2022.2.5,MacIntel,60.04202942,,,1,0,102,102,102,1,0.5,1,3
,,,,,,,,,,,,,,space,0.0524,0.3764,,,,,,go.png,,GNG29,FS,2,2023-06-22_10h50.59.081,Cued_GNG,2022.2.5,MacIntel,60.04202942,,,1,0,103,103,103,1,0.5,1,3
,,,,,,,,,,,,,,,0.0572,,,,,,,nogo.png,,GNG29,FS,2,2023-06-22_10h50.59.081,Cued_GNG,2022.2.5,MacIntel,60.04202942,,,1,0,104,104,104,1,0.5,1,3
,,,,,,,,,,,,,,space,0.0536,0.4243,,,,,,go.png,,GNG29,FS,2,2023-06-22_10h50.59.081,Cued_GNG,2022.2.5,MacIntel,60.04202942,,,1,0,105,105,105,1,0.5,1,3
,,,,,,,,,,,,,,space,0.0541,0.4246,,,,,,go.png,,GNG29,FS,2,2023-06-22_10h50.59.081,Cued_GNG,2022.2.5,MacIntel,60.04202942,,,1,0,106,106,106,1,0.5,1,3
,,,,,,,,,,,,,,,0.0623,,,,,,,nogo.png,,GNG29,FS,2,2023-06-22_10h50.59.081,Cued_GNG,2022.2.5,MacIntel,60.04202942,,,1,0,107,107,107,1,0.5,1,3
,,,,,,,,,,,,,,space,0.0622,0.3467,,,,,,go.png,,GNG29,FS,2,2023-06-22_10h50.59.081,Cued_GNG,2022.2.5,MacIntel,60.04202942,,,1,0,108,108,108,1,0.5,1,3
,,,,,,,,,,,,,,,0.0518,,,,,,,nogo.png,,GNG29,FS,2,2023-06-22_10h50.59.081,Cued_GNG,2022.2.5,MacIntel,60.04202942,,,1,0,109,109,109,1,0.5,1,3
,,,,,,,,,,,,,,space,0.0703,0.3637,,,,,,go.png,,GNG29,FS,2,2023-06-22_10h50.59.081,Cued_GNG,2022.2.5,MacIntel,60.04202942,,,1,0,110,110,110,1,0.5,1,3
,,,,,,,,,,,,,,,0.0669,,,,,,,nogo.png,,GNG29,FS,2,2023-06-22_10h50.59.081,Cued_GNG,2022.2.5,MacIntel,60.04202942,,,1,0,111,111,111,1,0.5,1,3
,,,,,,,,,,,,,,,0.053,,,,,,,nogo.png,,GNG29,FS,2,2023-06-22_10h50.59.081,Cued_GNG,2022.2.5,MacIntel,60.04202942,,,1,0,112,112,112,1,0.8,2,4
,,,,,,,,,,,,,,space,0.0592,0.4283,,,,,,go.png,,GNG29,FS,2,2023-06-22_10h50.59.081,Cued_GNG,2022.2.5,MacIntel,60.04202942,,,1,0,113,113,113,1,0.8,2,4
,,,,,,,,,,,,,,space,0.0656,0.4255,,,,,,go.png,,GNG29,FS,2,2023-06-22_10h50.59.081,Cued_GNG,2022.2.5,MacIntel,60.04202942,,,1,0,114,114,114,1,0.8,2,4
,,,,,,,,,,,,,,space,0.0639,0.4404,,,,,,go.png,,GNG29,FS,2,2023-06-22_10h50.59.081,Cued_GNG,2022.2.5,MacIntel,60.04202942,,,1,0,115,115,115,1,0.8,2,4
,,,,,,,,,,,,,,,0.0649,,,,,,,nogo.png,,GNG29,FS,2,2023-06-22_10h50.59.081,Cued_GNG,2022.2.5,MacIntel,60.04202942,,,1,0,116,116,116,1,0.8,2,4
,,,,,,,,,,,,,,space,0.0576,0.3969,,,,,,go.png,,GNG29,FS,2,2023-06-22_10h50.59.081,Cued_GNG,2022.2.5,MacIntel,60.04202942,,,1,0,117,117,117,1,0.8,2,4
,,,,,,,,,,,,,,space,0.0595,0.4368,,,,,,go.png,,GNG29,FS,2,2023-06-22_10h50.59.081,Cued_GNG,2022.2.5,MacIntel,60.04202942,,,1,0,118,118,118,1,0.8,2,4
,,,,,,,,,,,,,,space,0.0594,0.4282,,,,,,go.png,,GNG29,FS,2,2023-06-22_10h50.59.081,Cued_GNG,2022.2.5,MacIntel,60.04202942,,,1,0,119,119,119,1,0.8,2,4
,,,,,,,,,,,,,,,0.0507,,,,,,,nogo.png,,GNG29,FS,2,2023-06-22_10h50.59.081,Cued_GNG,2022.2.5,MacIntel,60.04202942,,,1,0,120,120,120,1,0.8,2,4
,,,,,,,,,,,,,,space,0.0624,0.4482,,,,,,go.png,,GNG29,FS,2,2023-06-22_10h50.59.081,Cued_GNG,2022.2.5,MacIntel,60.04202942,,,1,0,121,121,121,1,0.8,2,4
,,,,,,,,,,,,,,space,0.0522,0.4951,,,,,,go.png,,GNG29,FS,2,2023-06-22_10h50.59.081,Cued_GNG,2022.2.5,MacIntel,60.04202942,,,1,0,122,122,122,1,0.8,2,4
,,,,,,,,,,,,,,space,0.0514,0.4735,,,,,,go.png,,GNG29,FS,2,2023-06-22_10h50.59.081,Cued_GNG,2022.2.5,MacIntel,60.04202942,,,1,0,123,123,123,1,0.8,2,4
,,,,,,,,,,,,,,space,0.0517,0.396,,,,,,go.png,,GNG29,FS,2,2023-06-22_10h50.59.081,Cued_GNG,2022.2.5,MacIntel,60.04202942,,,1,0,124,124,124,1,0.8,2,4
,,,,,,,,,,,,,,space,0.0662,0.6126,,,,,,go.png,,GNG29,FS,2,2023-06-22_10h50.59.081,Cued_GNG,2022.2.5,MacIntel,60.04202942,,,1,0,125,125,125,1,0.8,2,4
,,,,,,,,,,,,,,space,0.0699,0.5044,,,,,,go.png,,GNG29,FS,2,2023-06-22_10h50.59.081,Cued_GNG,2022.2.5,MacIntel,60.04202942,,,1,0,126,126,126,1,0.8,2,4
,,,,,,,,,,,,,,,0.0681,,,,,,,nogo.png,,GNG29,FS,2,2023-06-22_10h50.59.081,Cued_GNG,2022.2.5,MacIntel,60.04202942,,,1,0,127,127,127,1,0.8,2,4
,,,,,,,,,,,,,,space,0.0554,0.4918,,,,,,go.png,,GNG29,FS,2,2023-06-22_10h50.59.081,Cued_GNG,2022.2.5,MacIntel,60.04202942,,,1,0,128,128,128,1,0.8,2,4
,,,,,,,,,,,,,,space,0.0558,0.4554,,,,,,go.png,,GNG29,FS,2,2023-06-22_10h50.59.081,Cued_GNG,2022.2.5,MacIntel,60.04202942,,,1,0,129,129,129,1,0.8,2,4
,,,,,,,,,,,,,,space,0.0512,0.4168,,,,,,go.png,,GNG29,FS,2,2023-06-22_10h50.59.081,Cued_GNG,2022.2.5,MacIntel,60.04202942,,,1,0,130,130,130,1,0.8,2,4
,,,,,,,,,,,,,,,0.062,,,,,,,nogo.png,,GNG29,FS,2,2023-06-22_10h50.59.081,Cued_GNG,2022.2.5,MacIntel,60.04202942,,,1,0,131,131,131,1,0.8,2,4
,,,,,,,,,,,,,,space,0.0525,0.4398,,,,,,go.png,,GNG29,FS,2,2023-06-22_10h50.59.081,Cued_GNG,2022.2.5,MacIntel,60.04202942,,,1,0,132,132,132,1,0.8,2,4
,,,,,,,,,,,,,,space,0.0583,0.3945,,,,,,go.png,,GNG29,FS,2,2023-06-22_10h50.59.081,Cued_GNG,2022.2.5,MacIntel,60.04202942,,,1,0,133,133,133,1,0.8,2,4
,,,,,,,,,,,,,,space,0.0746,0.3801,,,,,,go.png,,GNG29,FS,2,2023-06-22_10h50.59.081,Cued_GNG,2022.2.5,MacIntel,60.04202942,,,1,0,134,134,134,1,0.8,2,4
,,,,,,,,,,,,,,space,0.0647,0.4312,,,,,,go.png,,GNG29,FS,2,2023-06-22_10h50.59.081,Cued_GNG,2022.2.5,MacIntel,60.04202942,,,1,0,135,135,135,1,0.8,2,4
,,,,,,,,,,,,,,,0.0624,,,,,,,nogo.png,,GNG29,FS,2,2023-06-22_10h50.59.081,Cued_GNG,2022.2.5,MacIntel,60.04202942,,,1,0,136,136,136,1,0.8,2,4
,,,,,,,,,,,,,,,0.0664,,,,,,,nogo.png,,GNG29,FS,2,2023-06-22_10h50.59.081,Cued_GNG,2022.2.5,MacIntel,60.04202942,,,1,0,137,137,137,1,0.8,2,4
,,,,,,,,,,,,,,space,0.0703,0.4222,,,,,,go.png,,GNG29,FS,2,2023-06-22_10h50.59.081,Cued_GNG,2022.2.5,MacIntel,60.04202942,,,1,0,138,138,138,1,0.8,2,4
,,,,,,,,,,,,,,space,0.061,0.4013,,,,,,go.png,,GNG29,FS,2,2023-06-22_10h50.59.081,Cued_GNG,2022.2.5,MacIntel,60.04202942,,,1,0,139,139,139,1,0.8,2,4
,,,,,,,,,,,,,,space,0.0706,0.3779,,,,,,go.png,,GNG29,FS,2,2023-06-22_10h50.59.081,Cued_GNG,2022.2.5,MacIntel,60.04202942,,,1,0,140,140,140,1,0.8,2,4
,,,,,,,,,,,,,,space,0.0601,0.3601,,,,,,go.png,,GNG29,FS,2,2023-06-22_10h50.59.081,Cued_GNG,2022.2.5,MacIntel,60.04202942,,,1,0,141,141,141,1,0.8,2,4
,,,,,,,,,,,,,,space,0.0721,0.3796,,,,,,go.png,,GNG29,FS,2,2023-06-22_10h50.59.081,Cued_GNG,2022.2.5,MacIntel,60.04202942,,,1,0,142,142,142,1,0.8,2,4
,,,,,,,,,,,,,,space,0.0729,0.458,,,,,,go.png,,GNG29,FS,2,2023-06-22_10h50.59.081,Cued_GNG,2022.2.5,MacIntel,60.04202942,,,1,0,143,143,143,1,0.8,2,4
,,,,,,,,,,,,,,space,0.0632,0.4418,,,,,,go.png,,GNG29,FS,2,2023-06-22_10h50.59.081,Cued_GNG,2022.2.5,MacIntel,60.04202942,,,1,0,144,144,144,1,0.8,2,4
,,,,,,,,,,,,,,,0.076,,,,,,,nogo.png,,GNG29,FS,2,2023-06-22_10h50.59.081,Cued_GNG,2022.2.5,MacIntel,60.04202942,,,1,0,145,145,145,1,0.8,2,4
,,,,,,,,,,,,,,space,0.0552,0.4023,,,,,,go.png,,GNG29,FS,2,2023-06-22_10h50.59.081,Cued_GNG,2022.2.5,MacIntel,60.04202942,,,1,0,146,146,146,1,0.8,2,4
,,,,,,,,,,,,,,space,0.0608,0.4529,,,,,,go.png,,GNG29,FS,2,2023-06-22_10h50.59.081,Cued_GNG,2022.2.5,MacIntel,60.04202942,,,1,0,147,147,147,1,0.8,2,4
,,,,,,,,,,,,,,space,0.0645,0.4166,,,,,,go.png,,GNG29,FS,2,2023-06-22_10h50.59.081,Cued_GNG,2022.2.5,MacIntel,60.04202942,,,1,0,148,148,148,1,0.8,2,4
,,,,,,,,,,,,,,space,0.0668,0.5258,,,,,,go.png,,GNG29,FS,2,2023-06-22_10h50.59.081,Cued_GNG,2022.2.5,MacIntel,60.04202942,,,1,0,149,149,149,1,0.8,2,4
,,,,,,,,,,,,,,space,0.06,0.3586,,,,,,go.png,,GNG29,FS,2,2023-06-22_10h50.59.081,Cued_GNG,2022.2.5,MacIntel,60.04202942,,,1,0,150,150,150,1,0.8,2,4
,,,,,,,,,,,,,,space,0.0727,0.3846,,,,,,go.png,,GNG29,FS,2,2023-06-22_10h50.59.081,Cued_GNG,2022.2.5,MacIntel,60.04202942,,,1,0,151,151,151,1,0.8,2,4
,,,,,,,,,,,,,,,0.053,,,,,,,nogo.png,,GNG29,FS,2,2023-06-22_10h50.59.081,Cued_GNG,2022.2.5,MacIntel,60.04202942,,,1,0,152,152,152,1,0.2,2,5
,,,,,,,,,,,,,,,0.0579,,,,,,,nogo.png,,GNG29,FS,2,2023-06-22_10h50.59.081,Cued_GNG,2022.2.5,MacIntel,60.04202942,,,1,0,153,153,153,1,0.2,2,5
,,,,,,,,,,,,,,,0.0641,,,,,,,nogo.png,,GNG29,FS,2,2023-06-22_10h50.59.081,Cued_GNG,2022.2.5,MacIntel,60.04202942,,,1,0,154,154,154,1,0.2,2,5
,,,,,,,,,,,,,,space,0.0663,0.468,,,,,,go.png,,GNG29,FS,2,2023-06-22_10h50.59.081,Cued_GNG,2022.2.5,MacIntel,60.04202942,,,1,0,155,155,155,1,0.2,2,5
,,,,,,,,,,,,,,,0.0567,,,,,,,nogo.png,,GNG29,FS,2,2023-06-22_10h50.59.081,Cued_GNG,2022.2.5,MacIntel,60.04202942,,,1,0,156,156,156,1,0.2,2,5
,,,,,,,,,,,,,,,0.0518,,,,,,,nogo.png,,GNG29,FS,2,2023-06-22_10h50.59.081,Cued_GNG,2022.2.5,MacIntel,60.04202942,,,1,0,157,157,157,1,0.2,2,5
,,,,,,,,,,,,,,,0.0655,,,,,,,nogo.png,,GNG29,FS,2,2023-06-22_10h50.59.081,Cued_GNG,2022.2.5,MacIntel,60.04202942,,,1,0,158,158,158,1,0.2,2,5
,,,,,,,,,,,,,,,0.0535,,,,,,,nogo.png,,GNG29,FS,2,2023-06-22_10h50.59.081,Cued_GNG,2022.2.5,MacIntel,60.04202942,,,1,0,159,159,159,1,0.2,2,5
,,,,,,,,,,,,,,,0.0606,,,,,,,nogo.png,,GNG29,FS,2,2023-06-22_10h50.59.081,Cued_GNG,2022.2.5,MacIntel,60.04202942,,,1,0,160,160,160,1,0.2,2,5
,,,,,,,,,,,,,,space,0.0551,0.4342,,,,,,go.png,,GNG29,FS,2,2023-06-22_10h50.59.081,Cued_GNG,2022.2.5,MacIntel,60.04202942,,,1,0,161,161,161,1,0.2,2,5
,,,,,,,,,,,,,,,0.0567,,,,,,,nogo.png,,GNG29,FS,2,2023-06-22_10h50.59.081,Cued_GNG,2022.2.5,MacIntel,60.04202942,,,1,0,162,162,162,1,0.2,2,5
,,,,,,,,,,,,,,,0.0638,,,,,,,nogo.png,,GNG29,FS,2,2023-06-22_10h50.59.081,Cued_GNG,2022.2.5,MacIntel,60.04202942,,,1,0,163,163,163,1,0.2,2,5
,,,,,,,,,,,,,,,0.058,,,,,,,nogo.png,,GNG29,FS,2,2023-06-22_10h50.59.081,Cued_GNG,2022.2.5,MacIntel,60.04202942,,,1,0,164,164,164,1,0.2,2,5
,,,,,,,,,,,,,,,0.0571,,,,,,,nogo.png,,GNG29,FS,2,2023-06-22_10h50.59.081,Cued_GNG,2022.2.5,MacIntel,60.04202942,,,1,0,165,165,165,1,0.2,2,5
,,,,,,,,,,,,,,,0.0505,,,,,,,nogo.png,,GNG29,FS,2,2023-06-22_10h50.59.081,Cued_GNG,2022.2.5,MacIntel,60.04202942,,,1,0,166,166,166,1,0.2,2,5
,,,,,,,,,,,,,,,0.0652,,,,,,,nogo.png,,GNG29,FS,2,2023-06-22_10h50.59.081,Cued_GNG,2022.2.5,MacIntel,60.04202942,,,1,0,167,167,167,1,0.2,2,5
,,,,,,,,,,,,,,,0.0502,,,,,,,go.png,,GNG29,FS,2,2023-06-22_10h50.59.081,Cued_GNG,2022.2.5,MacIntel,60.04202942,,,1,0,168,168,168,1,0.2,2,5
,,,,,,,,,,,,,,,0.0706,,,,,,,nogo.png,,GNG29,FS,2,2023-06-22_10h50.59.081,Cued_GNG,2022.2.5,MacIntel,60.04202942,,,1,0,169,169,169,1,0.2,2,5
,,,,,,,,,,,,,,,0.0652,,,,,,,nogo.png,,GNG29,FS,2,2023-06-22_10h50.59.081,Cued_GNG,2022.2.5,MacIntel,60.04202942,,,1,0,170,170,170,1,0.2,2,5
,,,,,,,,,,,,,,,0.0687,,,,,,,nogo.png,,GNG29,FS,2,2023-06-22_10h50.59.081,Cued_GNG,2022.2.5,MacIntel,60.04202942,,,1,0,171,171,171,1,0.2,2,5
,,,,,,,,,,,,,,space,0.0675,0.4095,,,,,,go.png,,GNG29,FS,2,2023-06-22_10h50.59.081,Cued_GNG,2022.2.5,MacIntel,60.04202942,,,1,0,172,172,172,1,0.2,2,5
,,,,,,,,,,,,,,,0.0693,,,,,,,nogo.png,,GNG29,FS,2,2023-06-22_10h50.59.081,Cued_GNG,2022.2.5,MacIntel,60.04202942,,,1,0,173,173,173,1,0.2,2,5
,,,,,,,,,,,,,,,0.0639,,,,,,,nogo.png,,GNG29,FS,2,2023-06-22_10h50.59.081,Cued_GNG,2022.2.5,MacIntel,60.04202942,,,1,0,174,174,174,1,0.2,2,5
,,,,,,,,,,,,,,,0.0503,,,,,,,nogo.png,,GNG29,FS,2,2023-06-22_10h50.59.081,Cued_GNG,2022.2.5,MacIntel,60.04202942,,,1,0,175,175,175,1,0.2,2,5
,,,,,,,,,,,,,,,0.0507,,,,,,,nogo.png,,GNG29,FS,2,2023-06-22_10h50.59.081,Cued_GNG,2022.2.5,MacIntel,60.04202942,,,1,0,176,176,176,1,0.2,2,5
,,,,,,,,,,,,,,space,0.065,0.5965,,,,,,go.png,,GNG29,FS,2,2023-06-22_10h50.59.081,Cued_GNG,2022.2.5,MacIntel,60.04202942,,,1,0,177,177,177,1,0.2,2,5
,,,,,,,,,,,,,,,0.0511,,,,,,,nogo.png,,GNG29,FS,2,2023-06-22_10h50.59.081,Cued_GNG,2022.2.5,MacIntel,60.04202942,,,1,0,178,178,178,1,0.2,2,5
,,,,,,,,,,,,,,space,0.0654,0.4222,,,,,,go.png,,GNG29,FS,2,2023-06-22_10h50.59.081,Cued_GNG,2022.2.5,MacIntel,60.04202942,,,1,0,179,179,179,1,0.2,2,5
,,,,,,,,,,,,,,,0.0563,,,,,,,nogo.png,,GNG29,FS,2,2023-06-22_10h50.59.081,Cued_GNG,2022.2.5,MacIntel,60.04202942,,,1,0,180,180,180,1,0.2,2,5
,,,,,,,,,,,,,,,0.0514,,,,,,,nogo.png,,GNG29,FS,2,2023-06-22_10h50.59.081,Cued_GNG,2022.2.5,MacIntel,60.04202942,,,1,0,181,181,181,1,0.2,2,5
,,,,,,,,,,,,,,,0.0511,,,,,,,nogo.png,,GNG29,FS,2,2023-06-22_10h50.59.081,Cued_GNG,2022.2.5,MacIntel,60.04202942,,,1,0,182,182,182,1,0.2,2,5
,,,,,,,,,,,,,,,0.0503,,,,,,,nogo.png,,GNG29,FS,2,2023-06-22_10h50.59.081,Cued_GNG,2022.2.5,MacIntel,60.04202942,,,1,0,183,183,183,1,0.2,2,5
,,,,,,,,,,,,,,,0.0704,,,,,,,nogo.png,,GNG29,FS,2,2023-06-22_10h50.59.081,Cued_GNG,2022.2.5,MacIntel,60.04202942,,,1,0,184,184,184,1,0.2,2,5
,,,,,,,,,,,,,,,0.0512,,,,,,,nogo.png,,GNG29,FS,2,2023-06-22_10h50.59.081,Cued_GNG,2022.2.5,MacIntel,60.04202942,,,1,0,185,185,185,1,0.2,2,5
,,,,,,,,,,,,,,space,0.061,0.4001,,,,,,go.png,,GNG29,FS,2,2023-06-22_10h50.59.081,Cued_GNG,2022.2.5,MacIntel,60.04202942,,,1,0,186,186,186,1,0.2,2,5
,,,,,,,,,,,,,,,0.0643,,,,,,,nogo.png,,GNG29,FS,2,2023-06-22_10h50.59.081,Cued_GNG,2022.2.5,MacIntel,60.04202942,,,1,0,187,187,187,1,0.2,2,5
,,,,,,,,,,,,,,,0.0651,,,,,,,nogo.png,,GNG29,FS,2,2023-06-22_10h50.59.081,Cued_GNG,2022.2.5,MacIntel,60.04202942,,,1,0,188,188,188,1,0.2,2,5
,,,,,,,,,,,,,,,0.0678,,,,,,,nogo.png,,GNG29,FS,2,2023-06-22_10h50.59.081,Cued_GNG,2022.2.5,MacIntel,60.04202942,,,1,0,189,189,189,1,0.2,2,5
,,,,,,,,,,,,,,space,0.0543,0.4434,,,,,,go.png,,GNG29,FS,2,2023-06-22_10h50.59.081,Cued_GNG,2022.2.5,MacIntel,60.04202942,,,1,0,190,190,190,1,0.2,2,5
,,,,,,,,,,,,,,,0.0682,,,,,,,nogo.png,,GNG29,FS,2,2023-06-22_10h50.59.081,Cued_GNG,2022.2.5,MacIntel,60.04202942,,,1,0,191,191,191,1,0.2,2,5
,,,,,,,,,,,,,,space,0.0501,0.4396,,,,,,go.png,,GNG29,FS,2,2023-06-22_10h50.59.081,Cued_GNG,2022.2.5,MacIntel,60.04202942,,,1,0,192,192,192,1,0.5,2,6
,,,,,,,,,,,,,,space,0.0682,0.6631,,,,,,go.png,,GNG29,FS,2,2023-06-22_10h50.59.081,Cued_GNG,2022.2.5,MacIntel,60.04202942,,,1,0,193,193,193,1,0.5,2,6
,,,,,,,,,,,,,,space,0.0639,0.3966,,,,,,go.png,,GNG29,FS,2,2023-06-22_10h50.59.081,Cued_GNG,2022.2.5,MacIntel,60.04202942,,,1,0,194,194,194,1,0.5,2,6
,,,,,,,,,,,,,,,0.067,,,,,,,nogo.png,,GNG29,FS,2,2023-06-22_10h50.59.081,Cued_GNG,2022.2.5,MacIntel,60.04202942,,,1,0,195,195,195,1,0.5,2,6
,,,,,,,,,,,,,,,0.0502,,,,,,,nogo.png,,GNG29,FS,2,2023-06-22_10h50.59.081,Cued_GNG,2022.2.5,MacIntel,60.04202942,,,1,0,196,196,196,1,0.5,2,6
,,,,,,,,,,,,,,,0.0527,,,,,,,nogo.png,,GNG29,FS,2,2023-06-22_10h50.59.081,Cued_GNG,2022.2.5,MacIntel,60.04202942,,,1,0,197,197,197,1,0.5,2,6
,,,,,,,,,,,,,,space,0.0637,0.4374,,,,,,go.png,,GNG29,FS,2,2023-06-22_10h50.59.081,Cued_GNG,2022.2.5,MacIntel,60.04202942,,,1,0,198,198,198,1,0.5,2,6
,,,,,,,,,,,,,,space,0.0676,0.3649,,,,,,go.png,,GNG29,FS,2,2023-06-22_10h50.59.081,Cued_GNG,2022.2.5,MacIntel,60.04202942,,,0,0,199,199,199,1,0.5,2,6
,,,,,,,,,,,,,,,0.0506,,,,,,,nogo.png,,GNG29,FS,2,2023-06-22_10h50.59.081,Cued_GNG,2022.2.5,MacIntel,60.04202942,,,0,0,200,200,200,1,0.5,2,6
,,,,,,,,,,,,,,space,0.0517,0.5679,,,,,,go.png,,GNG29,FS,2,2023-06-22_10h50.59.081,Cued_GNG,2022.2.5,MacIntel,60.04202942,,,0,0,201,201,201,1,0.5,2,6
,,,,,,,,,,,,,,,0.0721,,,,,,,nogo.png,,GNG29,FS,2,2023-06-22_10h50.59.081,Cued_GNG,2022.2.5,MacIntel,60.04202942,,,0,0,202,202,202,1,0.5,2,6
,,,,,,,,,,,,,,,0.0503,,,,,,,nogo.png,,GNG29,FS,2,2023-06-22_10h50.59.081,Cued_GNG,2022.2.5,MacIntel,60.04202942,,,0,0,203,203,203,1,0.5,2,6
,,,,,,,,,,,,,,space,0.0637,0.3639,,,,,,go.png,,GNG29,FS,2,2023-06-22_10h50.59.081,Cued_GNG,2022.2.5,MacIntel,60.04202942,,,0,0,204,204,204,1,0.5,2,6
,,,,,,,,,,,,,,space,0.0646,0.396,,,,,,go.png,,GNG29,FS,2,2023-06-22_10h50.59.081,Cued_GNG,2022.2.5,MacIntel,60.04202942,,,0,0,205,205,205,1,0.5,2,6
,,,,,,,,,,,,,,,0.0601,,,,,,,nogo.png,,GNG29,FS,2,2023-06-22_10h50.59.081,Cued_GNG,2022.2.5,MacIntel,60.04202942,,,0,0,206,206,206,1,0.5,2,6
,,,,,,,,,,,,,,space,0.0511,0.4039,,,,,,go.png,,GNG29,FS,2,2023-06-22_10h50.59.081,Cued_GNG,2022.2.5,MacIntel,60.04202942,,,0,0,207,207,207,1,0.5,2,6
,,,,,,,,,,,,,,,0.0503,,,,,,,nogo.png,,GNG29,FS,2,2023-06-22_10h50.59.081,Cued_GNG,2022.2.5,MacIntel,60.04202942,,,0,0,208,208,208,1,0.5,2,6
,,,,,,,,,,,,,,,0.0521,,,,,,,nogo.png,,GNG29,FS,2,2023-06-22_10h50.59.081,Cued_GNG,2022.2.5,MacIntel,60.04202942,,,0,0,209,209,209,1,0.5,2,6
,,,,,,,,,,,,,,,0.0671,,,,,,,nogo.png,,GNG29,FS,2,2023-06-22_10h50.59.081,Cued_GNG,2022.2.5,MacIntel,60.04202942,,,0,0,210,210,210,1,0.5,2,6
,,,,,,,,,,,,,,space,0.0663,0.42,,,,,,go.png,,GNG29,FS,2,2023-06-22_10h50.59.081,Cued_GNG,2022.2.5,MacIntel,60.04202942,,,0,0,211,211,211,1,0.5,2,6
,,,,,,,,,,,,,,,0.0516,,,,,,,nogo.png,,GNG29,FS,2,2023-06-22_10h50.59.081,Cued_GNG,2022.2.5,MacIntel,60.04202942,,,0,0,212,212,212,1,0.5,2,6
,,,,,,,,,,,,,,,0.0506,,,,,,,nogo.png,,GNG29,FS,2,2023-06-22_10h50.59.081,Cued_GNG,2022.2.5,MacIntel,60.04202942,,,0,0,213,213,213,1,0.5,2,6
,,,,,,,,,,,,,,space,0.0621,0.4158,,,,,,go.png,,GNG29,FS,2,2023-06-22_10h50.59.081,Cued_GNG,2022.2.5,MacIntel,60.04202942,,,0,0,214,214,214,1,0.5,2,6
,,,,,,,,,,,,,,space,0.0669,0.4293,,,,,,go.png,,GNG29,FS,2,2023-06-22_10h50.59.081,Cued_GNG,2022.2.5,MacIntel,60.04202942,,,0,0,215,215,215,1,0.5,2,6
,,,,,,,,,,,,,,space,0.0708,0.3703,,,,,,go.png,,GNG29,FS,2,2023-06-22_10h50.59.081,Cued_GNG,2022.2.5,MacIntel,60.04202942,,,0,0,216,216,216,1,0.5,2,6
,,,,,,,,,,,,,,,0.0688,,,,,,,nogo.png,,GNG29,FS,2,2023-06-22_10h50.59.081,Cued_GNG,2022.2.5,MacIntel,60.04202942,,,0,0,217,217,217,1,0.5,2,6
,,,,,,,,,,,,,,,0.0502,,,,,,,nogo.png,,GNG29,FS,2,2023-06-22_10h50.59.081,Cued_GNG,2022.2.5,MacIntel,60.04202942,,,0,0,218,218,218,1,0.5,2,6
,,,,,,,,,,,,,,space,0.062,0.4534,,,,,,go.png,,GNG29,FS,2,2023-06-22_10h50.59.081,Cued_GNG,2022.2.5,MacIntel,60.04202942,,,0,0,219,219,219,1,0.5,2,6
,,,,,,,,,,,,,,space,0.0564,0.4471,,,,,,go.png,,GNG29,FS,2,2023-06-22_10h50.59.081,Cued_GNG,2022.2.5,MacIntel,60.04202942,,,0,0,220,220,220,1,0.5,2,6
,,,,,,,,,,,,,,space,0.0521,0.4363,,,,,,go.png,,GNG29,FS,2,2023-06-22_10h50.59.081,Cued_GNG,2022.2.5,MacIntel,60.04202942,,,0,0,221,221,221,1,0.5,2,6
,,,,,,,,,,,,,,,0.0654,,,,,,,nogo.png,,GNG29,FS,2,2023-06-22_10h50.59.081,Cued_GNG,2022.2.5,MacIntel,60.04202942,,,0,0,222,222,222,1,0.5,2,6
,,,,,,,,,,,,,,,0.0575,,,,,,,nogo.png,,GNG29,FS,2,2023-06-22_10h50.59.081,Cued_GNG,2022.2.5,MacIntel,60.04202942,,,0,0,223,223,223,1,0.5,2,6
,,,,,,,,,,,,,,space,0.0587,0.4307,,,,,,go.png,,GNG29,FS,2,2023-06-22_10h50.59.081,Cued_GNG,2022.2.5,MacIntel,60.04202942,,,0,0,224,224,224,1,0.8,3,7
,,,,,,,,,,,,,,space,0.0663,0.3548,,,,,,go.png,,GNG29,FS,2,2023-06-22_10h50.59.081,Cued_GNG,2022.2.5,MacIntel,60.04202942,,,0,0,225,225,225,1,0.8,3,7
,,,,,,,,,,,,,,space,0.0517,0.3503,,,,,,go.png,,GNG29,FS,2,2023-06-22_10h50.59.081,Cued_GNG,2022.2.5,MacIntel,60.04202942,,,0,0,226,226,226,1,0.8,3,7
,,,,,,,,,,,,,,space,0.0511,0.3499,,,,,,go.png,,GNG29,FS,2,2023-06-22_10h50.59.081,Cued_GNG,2022.2.5,MacIntel,60.04202942,,,0,0,227,227,227,1,0.8,3,7
,,,,,,,,,,,,,,,0.0541,,,,,,,nogo.png,,GNG29,FS,2,2023-06-22_10h50.59.081,Cued_GNG,2022.2.5,MacIntel,60.04202942,,,0,0,228,228,228,1,0.8,3,7
,,,,,,,,,,,,,,space,0.0511,0.4057,,,,,,go.png,,GNG29,FS,2,2023-06-22_10h50.59.081,Cued_GNG,2022.2.5,MacIntel,60.04202942,,,0,0,229,229,229,1,0.8,3,7
,,,,,,,,,,,,,,space,0.0635,0.3395,,,,,,go.png,,GNG29,FS,2,2023-06-22_10h50.59.081,Cued_GNG,2022.2.5,MacIntel,60.04202942,,,0,0,230,230,230,1,0.8,3,7
,,,,,,,,,,,,,,space,0.0604,0.3606,,,,,,go.png,,GNG29,FS,2,2023-06-22_10h50.59.081,Cued_GNG,2022.2.5,MacIntel,60.04202942,,,0,0,231,231,231,1,0.8,3,7
,,,,,,,,,,,,,,space,0.0602,0.3935,,,,,,go.png,,GNG29,FS,2,2023-06-22_10h50.59.081,Cued_GNG,2022.2.5,MacIntel,60.04202942,,,0,0,232,232,232,1,0.8,3,7
,,,,,,,,,,,,,,,0.0675,,,,,,,nogo.png,,GNG29,FS,2,2023-06-22_10h50.59.081,Cued_GNG,2022.2.5,MacIntel,60.04202942,,,0,0,233,233,233,1,0.8,3,7
,,,,,,,,,,,,,,space,0.0506,0.3845,,,,,,go.png,,GNG29,FS,2,2023-06-22_10h50.59.081,Cued_GNG,2022.2.5,MacIntel,60.04202942,,,0,0,234,234,234,1,0.8,3,7
,,,,,,,,,,,,,,space,0.0665,0.3365,,,,,,go.png,,GNG29,FS,2,2023-06-22_10h50.59.081,Cued_GNG,2022.2.5,MacIntel,60.04202942,,,0,0,235,235,235,1,0.8,3,7
,,,,,,,,,,,,,,space,0.0558,0.3959,,,,,,go.png,,GNG29,FS,2,2023-06-22_10h50.59.081,Cued_GNG,2022.2.5,MacIntel,60.04202942,,,0,0,236,236,236,1,0.8,3,7
,,,,,,,,,,,,,,space,0.0515,0.4443,,,,,,go.png,,GNG29,FS,2,2023-06-22_10h50.59.081,Cued_GNG,2022.2.5,MacIntel,60.04202942,,,0,0,237,237,237,1,0.8,3,7
,,,,,,,,,,,,,,space,0.0549,0.4491,,,,,,go.png,,GNG29,FS,2,2023-06-22_10h50.59.081,Cued_GNG,2022.2.5,MacIntel,60.04202942,,,0,0,238,238,238,1,0.8,3,7
,,,,,,,,,,,,,,space,0.0561,0.3323,,,,,,go.png,,GNG29,FS,2,2023-06-22_10h50.59.081,Cued_GNG,2022.2.5,MacIntel,60.04202942,,,0,0,239,239,239,1,0.8,3,7
,,,,,,,,,,,,,,space,0.0666,0.339,,,,,,go.png,,GNG29,FS,2,2023-06-22_10h50.59.081,Cued_GNG,2022.2.5,MacIntel,60.04202942,,,0,0,240,240,240,1,0.8,3,7
,,,,,,,,,,,,,,,0.0501,,,,,,,nogo.png,,GNG29,FS,2,2023-06-22_10h50.59.081,Cued_GNG,2022.2.5,MacIntel,60.04202942,,,0,0,241,241,241,1,0.8,3,7
,,,,,,,,,,,,,,,0.0656,,,,,,,nogo.png,,GNG29,FS,2,2023-06-22_10h50.59.081,Cued_GNG,2022.2.5,MacIntel,60.04202942,,,0,0,242,242,242,1,0.8,3,7
,,,,,,,,,,,,,,space,0.0662,0.3625,,,,,,go.png,,GNG29,FS,2,2023-06-22_10h50.59.081,Cued_GNG,2022.2.5,MacIntel,60.04202942,,,0,0,243,243,243,1,0.8,3,7
,,,,,,,,,,,,,,space,0.0654,0.3248,,,,,,go.png,,GNG29,FS,2,2023-06-22_10h50.59.081,Cued_GNG,2022.2.5,MacIntel,60.04202942,,,0,0,244,244,244,1,0.8,3,7
,,,,,,,,,,,,,,space,0.0512,0.2971,,,,,,go.png,,GNG29,FS,2,2023-06-22_10h50.59.081,Cued_GNG,2022.2.5,MacIntel,60.04202942,,,0,0,245,245,245,1,0.8,3,7
,,,,,,,,,,,,,,space,0.0675,0.3284,,,,,,go.png,,GNG29,FS,2,2023-06-22_10h50.59.081,Cued_GNG,2022.2.5,MacIntel,60.04202942,,,0,0,246,246,246,1,0.8,3,7
,,,,,,,,,,,,,,,0.0502,,,,,,,nogo.png,,GNG29,FS,2,2023-06-22_10h50.59.081,Cued_GNG,2022.2.5,MacIntel,60.04202942,,,0,0,247,247,247,1,0.8,3,7
,,,,,,,,,,,,,,space,0.0651,0.386,,,,,,go.png,,GNG29,FS,2,2023-06-22_10h50.59.081,Cued_GNG,2022.2.5,MacIntel,60.04202942,,,0,0,248,248,248,1,0.8,3,7
,,,,,,,,,,,,,,space,0.0643,0.3014,,,,,,go.png,,GNG29,FS,2,2023-06-22_10h50.59.081,Cued_GNG,2022.2.5,MacIntel,60.04202942,,,0,0,249,249,249,1,0.8,3,7
,,,,,,,,,,,,,,space,0.0686,0.2511,,,,,,go.png,,GNG29,FS,2,2023-06-22_10h50.59.081,Cued_GNG,2022.2.5,MacIntel,60.04202942,,,0,0,250,250,250,1,0.8,3,7
,,,,,,,,,,,,,,space,0.0517,0.3368,,,,,,go.png,,GNG29,FS,2,2023-06-22_10h50.59.081,Cued_GNG,2022.2.5,MacIntel,60.04202942,,,0,0,251,251,251,1,0.8,3,7
,,,,,,,,,,,,,,space,0.0613,0.3065,,,,,,nogo.png,,GNG29,FS,2,2023-06-22_10h50.59.081,Cued_GNG,2022.2.5,MacIntel,60.04202942,,,0,0,252,252,252,1,0.8,3,7
,,,,,,,,,,,,,,space,0.055,0.3478,,,,,,go.png,,GNG29,FS,2,2023-06-22_10h50.59.081,Cued_GNG,2022.2.5,MacIntel,60.04202942,,,0,0,253,253,253,1,0.8,3,7
,,,,,,,,,,,,,,space,0.0668,0.3314,,,,,,go.png,,GNG29,FS,2,2023-06-22_10h50.59.081,Cued_GNG,2022.2.5,MacIntel,60.04202942,,,0,0,254,254,254,1,0.8,3,7
,,,,,,,,,,,,,,space,0.0658,0.358,,,,,,go.png,,GNG29,FS,2,2023-06-22_10h50.59.081,Cued_GNG,2022.2.5,MacIntel,60.04202942,,,0,0,255,255,255,1,0.8,3,7
,,,,,,,,,,,,,,space,0.0641,0.3265,,,,,,go.png,,GNG29,FS,2,2023-06-22_10h50.59.081,Cued_GNG,2022.2.5,MacIntel,60.04202942,,,0,0,256,256,256,1,0.8,3,7
,,,,,,,,,,,,,,,0.0657,,,,,,,nogo.png,,GNG29,FS,2,2023-06-22_10h50.59.081,Cued_GNG,2022.2.5,MacIntel,60.04202942,,,0,0,257,257,257,1,0.8,3,7
,,,,,,,,,,,,,,space,0.0775,0.4301,,,,,,go.png,,GNG29,FS,2,2023-06-22_10h50.59.081,Cued_GNG,2022.2.5,MacIntel,60.04202942,,,0,0,258,258,258,1,0.8,3,7
,,,,,,,,,,,,,,space,0.0618,0.3786,,,,,,go.png,,GNG29,FS,2,2023-06-22_10h50.59.081,Cued_GNG,2022.2.5,MacIntel,60.04202942,,,0,0,259,259,259,1,0.8,3,7
,,,,,,,,,,,,,,,0.0587,,,,,,,nogo.png,,GNG29,FS,2,2023-06-22_10h50.59.081,Cued_GNG,2022.2.5,MacIntel,60.04202942,,,0,0,260,260,260,1,0.8,3,7
,,,,,,,,,,,,,,space,0.0651,0.4178,,,,,,go.png,,GNG29,FS,2,2023-06-22_10h50.59.081,Cued_GNG,2022.2.5,MacIntel,60.04202942,,,0,0,261,261,261,1,0.8,3,7
,,,,,,,,,,,,,,space,0.0535,0.4043,,,,,,go.png,,GNG29,FS,2,2023-06-22_10h50.59.081,Cued_GNG,2022.2.5,MacIntel,60.04202942,,,0,0,262,262,262,1,0.8,3,7
,,,,,,,,,,,,,,space,0.0624,0.3969,,,,,,go.png,,GNG29,FS,2,2023-06-22_10h50.59.081,Cued_GNG,2022.2.5,MacIntel,60.04202942,,,0,0,263,263,263,1,0.8,3,7
,,,,,,,,,,,,,,,0.0774,,,,,,,nogo.png,,GNG29,FS,2,2023-06-22_10h50.59.081,Cued_GNG,2022.2.5,MacIntel,60.04202942,,,0,0,264,264,264,1,0.2,3,8
,,,,,,,,,,,,,,,0.0689,,,,,,,nogo.png,,GNG29,FS,2,2023-06-22_10h50.59.081,Cued_GNG,2022.2.5,MacIntel,60.04202942,,,0,0,265,265,265,1,0.2,3,8
,,,,,,,,,,,,,,,0.0503,,,,,,,nogo.png,,GNG29,FS,2,2023-06-22_10h50.59.081,Cued_GNG,2022.2.5,MacIntel,60.04202942,,,0,0,266,266,266,1,0.2,3,8
,,,,,,,,,,,,,,space,0.0577,0.4127,,,,,,go.png,,GNG29,FS,2,2023-06-22_10h50.59.081,Cued_GNG,2022.2.5,MacIntel,60.04202942,,,0,0,267,267,267,1,0.2,3,8
,,,,,,,,,,,,,,,0.0783,,,,,,,nogo.png,,GNG29,FS,2,2023-06-22_10h50.59.081,Cued_GNG,2022.2.5,MacIntel,60.04202942,,,0,0,268,268,268,1,0.2,3,8
,,,,,,,,,,,,,,,0.0582,,,,,,,nogo.png,,GNG29,FS,2,2023-06-22_10h50.59.081,Cued_GNG,2022.2.5,MacIntel,60.04202942,,,0,0,269,269,269,1,0.2,3,8
,,,,,,,,,,,,,,,0.0608,,,,,,,nogo.png,,GNG29,FS,2,2023-06-22_10h50.59.081,Cued_GNG,2022.2.5,MacIntel,60.04202942,,,0,0,270,270,270,1,0.2,3,8
,,,,,,,,,,,,,,space,0.0538,0.4879,,,,,,go.png,,GNG29,FS,2,2023-06-22_10h50.59.081,Cued_GNG,2022.2.5,MacIntel,60.04202942,,,0,0,271,271,271,1,0.2,3,8
,,,,,,,,,,,,,,,0.0502,,,,,,,nogo.png,,GNG29,FS,2,2023-06-22_10h50.59.081,Cued_GNG,2022.2.5,MacIntel,60.04202942,,,0,0,272,272,272,1,0.2,3,8
,,,,,,,,,,,,,,,0.0593,,,,,,,nogo.png,,GNG29,FS,2,2023-06-22_10h50.59.081,Cued_GNG,2022.2.5,MacIntel,60.04202942,,,0,0,273,273,273,1,0.2,3,8
,,,,,,,,,,,,,,,0.0672,,,,,,,nogo.png,,GNG29,FS,2,2023-06-22_10h50.59.081,Cued_GNG,2022.2.5,MacIntel,60.04202942,,,0,0,274,274,274,1,0.2,3,8
,,,,,,,,,,,,,,,0.0581,,,,,,,nogo.png,,GNG29,FS,2,2023-06-22_10h50.59.081,Cued_GNG,2022.2.5,MacIntel,60.04202942,,,0,0,275,275,275,1,0.2,3,8
,,,,,,,,,,,,,,,0.068,,,,,,,nogo.png,,GNG29,FS,2,2023-06-22_10h50.59.081,Cued_GNG,2022.2.5,MacIntel,60.04202942,,,0,0,276,276,276,1,0.2,3,8
,,,,,,,,,,,,,,,0.075,,,,,,,nogo.png,,GNG29,FS,2,2023-06-22_10h50.59.081,Cued_GNG,2022.2.5,MacIntel,60.04202942,,,0,0,277,277,277,1,0.2,3,8
,,,,,,,,,,,,,,,0.0615,,,,,,,nogo.png,,GNG29,FS,2,2023-06-22_10h50.59.081,Cued_GNG,2022.2.5,MacIntel,60.04202942,,,0,0,278,278,278,1,0.2,3,8
,,,,,,,,,,,,,,space,0.0678,0.5244,,,,,,go.png,,GNG29,FS,2,2023-06-22_10h50.59.081,Cued_GNG,2022.2.5,MacIntel,60.04202942,,,0,0,279,279,279,1,0.2,3,8
,,,,,,,,,,,,,,,0.0506,,,,,,,nogo.png,,GNG29,FS,2,2023-06-22_10h50.59.081,Cued_GNG,2022.2.5,MacIntel,60.04202942,,,0,0,280,280,280,1,0.2,3,8
,,,,,,,,,,,,,,,0.0537,,,,,,,nogo.png,,GNG29,FS,2,2023-06-22_10h50.59.081,Cued_GNG,2022.2.5,MacIntel,60.04202942,,,0,0,281,281,281,1,0.2,3,8
,,,,,,,,,,,,,,,0.0688,,,,,,,nogo.png,,GNG29,FS,2,2023-06-22_10h50.59.081,Cued_GNG,2022.2.5,MacIntel,60.04202942,,,0,0,282,282,282,1,0.2,3,8
,,,,,,,,,,,,,,,0.0505,,,,,,,nogo.png,,GNG29,FS,2,2023-06-22_10h50.59.081,Cued_GNG,2022.2.5,MacIntel,60.04202942,,,0,0,283,283,283,1,0.2,3,8
,,,,,,,,,,,,,,,0.0518,,,,,,,nogo.png,,GNG29,FS,2,2023-06-22_10h50.59.081,Cued_GNG,2022.2.5,MacIntel,60.04202942,,,0,0,284,284,284,1,0.2,3,8
,,,,,,,,,,,,,,space,0.0653,0.4124,,,,,,go.png,,GNG29,FS,2,2023-06-22_10h50.59.081,Cued_GNG,2022.2.5,MacIntel,60.04202942,,,0,0,285,285,285,1,0.2,3,8
,,,,,,,,,,,,,,space,0.0567,0.419,,,,,,go.png,,GNG29,FS,2,2023-06-22_10h50.59.081,Cued_GNG,2022.2.5,MacIntel,60.04202942,,,0,0,286,286,286,1,0.2,3,8
,,,,,,,,,,,,,,,0.064,,,,,,,nogo.png,,GNG29,FS,2,2023-06-22_10h50.59.081,Cued_GNG,2022.2.5,MacIntel,60.04202942,,,0,0,287,287,287,1,0.2,3,8
,,,,,,,,,,,,,,,0.0669,,,,,,,nogo.png,,GNG29,FS,2,2023-06-22_10h50.59.081,Cued_GNG,2022.2.5,MacIntel,60.04202942,,,0,0,288,288,288,1,0.2,3,8
,,,,,,,,,,,,,,,0.0626,,,,,,,nogo.png,,GNG29,FS,2,2023-06-22_10h50.59.081,Cued_GNG,2022.2.5,MacIntel,60.04202942,,,0,0,289,289,289,1,0.2,3,8
,,,,,,,,,,,,,,,0.0593,,,,,,,nogo.png,,GNG29,FS,2,2023-06-22_10h50.59.081,Cued_GNG,2022.2.5,MacIntel,60.04202942,,,0,0,290,290,290,1,0.2,3,8
,,,,,,,,,,,,,,,0.0636,,,,,,,nogo.png,,GNG29,FS,2,2023-06-22_10h50.59.081,Cued_GNG,2022.2.5,MacIntel,60.04202942,,,0,0,291,291,291,1,0.2,3,8
,,,,,,,,,,,,,,space,0.0522,0.4153,,,,,,go.png,,GNG29,FS,2,2023-06-22_10h50.59.081,Cued_GNG,2022.2.5,MacIntel,60.04202942,,,0,0,292,292,292,1,0.2,3,8
,,,,,,,,,,,,,,,0.0582,,,,,,,nogo.png,,GNG29,FS,2,2023-06-22_10h50.59.081,Cued_GNG,2022.2.5,MacIntel,60.04202942,,,0,0,293,293,293,1,0.2,3,8
,,,,,,,,,,,,,,,0.0631,,,,,,,nogo.png,,GNG29,FS,2,2023-06-22_10h50.59.081,Cued_GNG,2022.2.5,MacIntel,60.04202942,,,0,0,294,294,294,1,0.2,3,8
,,,,,,,,,,,,,,,0.0505,,,,,,,nogo.png,,GNG29,FS,2,2023-06-22_10h50.59.081,Cued_GNG,2022.2.5,MacIntel,60.04202942,,,0,0,295,295,295,1,0.2,3,8
,,,,,,,,,,,,,,,0.0609,,,,,,,nogo.png,,GNG29,FS,2,2023-06-22_10h50.59.081,Cued_GNG,2022.2.5,MacIntel,60.04202942,,,0,0,296,296,296,1,0.2,3,8
,,,,,,,,,,,,,,space,0.0609,0.4646,,,,,,go.png,,GNG29,FS,2,2023-06-22_10h50.59.081,Cued_GNG,2022.2.5,MacIntel,60.04202942,,,0,0,297,297,297,1,0.2,3,8
,,,,,,,,,,,,,,,0.0825,,,,,,,nogo.png,,GNG29,FS,2,2023-06-22_10h50.59.081,Cued_GNG,2022.2.5,MacIntel,60.04202942,,,0,0,298,298,298,1,0.2,3,8
,,,,,,,,,,,,,,,0.0526,,,,,,,nogo.png,,GNG29,FS,2,2023-06-22_10h50.59.081,Cued_GNG,2022.2.5,MacIntel,60.04202942,,,0,0,299,299,299,1,0.2,3,8
,,,,,,,,,,,,,,space,0.0582,0.4283,,,,,,go.png,,GNG29,FS,2,2023-06-22_10h50.59.081,Cued_GNG,2022.2.5,MacIntel,60.04202942,,,0,0,300,300,300,1,0.2,3,8
,,,,,,,,,,,,,,,0.0583,,,,,,,nogo.png,,GNG29,FS,2,2023-06-22_10h50.59.081,Cued_GNG,2022.2.5,MacIntel,60.04202942,,,0,0,301,301,301,1,0.2,3,8
,,,,,,,,,,,,,,,0.051,,,,,,,nogo.png,,GNG29,FS,2,2023-06-22_10h50.59.081,Cued_GNG,2022.2.5,MacIntel,60.04202942,,,0,0,302,302,302,1,0.2,3,8
,,,,,,,,,,,,,,,0.0599,,,,,,,nogo.png,,GNG29,FS,2,2023-06-22_10h50.59.081,Cued_GNG,2022.2.5,MacIntel,60.04202942,,,0,0,303,303,303,1,0.2,3,8
,,,,,,,,,,,,,,space,0.0503,0.5648,,,,,,go.png,,GNG29,FS,2,2023-06-22_10h50.59.081,Cued_GNG,2022.2.5,MacIntel,60.04202942,,,0,0,304,304,304,1,0.5,3,9
,,,,,,,,,,,,,,space,0.0506,0.4357,,,,,,go.png,,GNG29,FS,2,2023-06-22_10h50.59.081,Cued_GNG,2022.2.5,MacIntel,60.04202942,,,0,0,305,305,305,1,0.5,3,9
,,,,,,,,,,,,,,space,0.0599,0.3946,,,,,,go.png,,GNG29,FS,2,2023-06-22_10h50.59.081,Cued_GNG,2022.2.5,MacIntel,60.04202942,,,0,0,306,306,306,1,0.5,3,9
,,,,,,,,,,,,,,,0.0595,,,,,,,nogo.png,,GNG29,FS,2,2023-06-22_10h50.59.081,Cued_GNG,2022.2.5,MacIntel,60.04202942,,,0,0,307,307,307,1,0.5,3,9
,,,,,,,,,,,,,,,0.0585,,,,,,,nogo.png,,GNG29,FS,2,2023-06-22_10h50.59.081,Cued_GNG,2022.2.5,MacIntel,60.04202942,,,0,0,308,308,308,1,0.5,3,9
,,,,,,,,,,,,,,space,0.0609,0.4097,,,,,,go.png,,GNG29,FS,2,2023-06-22_10h50.59.081,Cued_GNG,2022.2.5,MacIntel,60.04202942,,,0,0,309,309,309,1,0.5,3,9
,,,,,,,,,,,,,,,0.0557,,,,,,,nogo.png,,GNG29,FS,2,2023-06-22_10h50.59.081,Cued_GNG,2022.2.5,MacIntel,60.04202942,,,0,0,310,310,310,1,0.5,3,9
,,,,,,,,,,,,,,,0.0653,,,,,,,nogo.png,,GNG29,FS,2,2023-06-22_10h50.59.081,Cued_GNG,2022.2.5,MacIntel,60.04202942,,,0,0,311,311,311,1,0.5,3,9
,,,,,,,,,,,,,,space,0.0697,0.3846,,,,,,go.png,,GNG29,FS,2,2023-06-22_10h50.59.081,Cued_GNG,2022.2.5,MacIntel,60.04202942,,,0,0,312,312,312,1,0.5,3,9
,,,,,,,,,,,,,,space,0.0592,0.6232,,,,,,go.png,,GNG29,FS,2,2023-06-22_10h50.59.081,Cued_GNG,2022.2.5,MacIntel,60.04202942,,,0,0,313,313,313,1,0.5,3,9
,,,,,,,,,,,,,,,0.051,,,,,,,nogo.png,,GNG29,FS,2,2023-06-22_10h50.59.081,Cued_GNG,2022.2.5,MacIntel,60.04202942,,,0,0,314,314,314,1,0.5,3,9
,,,,,,,,,,,,,,space,0.0622,0.4113,,,,,,go.png,,GNG29,FS,2,2023-06-22_10h50.59.081,Cued_GNG,2022.2.5,MacIntel,60.04202942,,,0,0,315,315,315,1,0.5,3,9
,,,,,,,,,,,,,,space,0.0578,0.4591,,,,,,go.png,,GNG29,FS,2,2023-06-22_10h50.59.081,Cued_GNG,2022.2.5,MacIntel,60.04202942,,,0,0,316,316,316,1,0.5,3,9
,,,,,,,,,,,,,,,0.059,,,,,,,nogo.png,,GNG29,FS,2,2023-06-22_10h50.59.081,Cued_GNG,2022.2.5,MacIntel,60.04202942,,,0,0,317,317,317,1,0.5,3,9
,,,,,,,,,,,,,,,0.0622,,,,,,,nogo.png,,GNG29,FS,2,2023-06-22_10h50.59.081,Cued_GNG,2022.2.5,MacIntel,60.04202942,,,0,0,318,318,318,1,0.5,3,9
,,,,,,,,,,,,,,,0.0651,,,,,,,nogo.png,,GNG29,FS,2,2023-06-22_10h50.59.081,Cued_GNG,2022.2.5,MacIntel,60.04202942,,,0,0,319,319,319,1,0.5,3,9
,,,,,,,,,,,,,,space,0.0592,0.3923,,,,,,go.png,,GNG29,FS,2,2023-06-22_10h50.59.081,Cued_GNG,2022.2.5,MacIntel,60.04202942,,,0,0,320,320,320,1,0.5,3,9
,,,,,,,,,,,,,,space,0.0599,0.3647,,,,,,go.png,,GNG29,FS,2,2023-06-22_10h50.59.081,Cued_GNG,2022.2.5,MacIntel,60.04202942,,,0,0,321,321,321,1,0.5,3,9
,,,,,,,,,,,,,,,0.0646,,,,,,,nogo.png,,GNG29,FS,2,2023-06-22_10h50.59.081,Cued_GNG,2022.2.5,MacIntel,60.04202942,,,0,0,322,322,322,1,0.5,3,9
,,,,,,,,,,,,,,space,0.0658,0.363,,,,,,go.png,,GNG29,FS,2,2023-06-22_10h50.59.081,Cued_GNG,2022.2.5,MacIntel,60.04202942,,,0,0,323,323,323,1,0.5,3,9
,,,,,,,,,,,,,,space,0.0661,0.4069,,,,,,go.png,,GNG29,FS,2,2023-06-22_10h50.59.081,Cued_GNG,2022.2.5,MacIntel,60.04202942,,,0,0,324,324,324,1,0.5,3,9
,,,,,,,,,,,,,,space,0.0606,0.3421,,,,,,go.png,,GNG29,FS,2,2023-06-22_10h50.59.081,Cued_GNG,2022.2.5,MacIntel,60.04202942,,,0,0,325,325,325,1,0.5,3,9
,,,,,,,,,,,,,,,0.0599,,,,,,,nogo.png,,GNG29,FS,2,2023-06-22_10h50.59.081,Cued_GNG,2022.2.5,MacIntel,60.04202942,,,0,0,326,326,326,1,0.5,3,9
,,,,,,,,,,,,,,,0.0521,,,,,,,nogo.png,,GNG29,FS,2,2023-06-22_10h50.59.081,Cued_GNG,2022.2.5,MacIntel,60.04202942,,,0,0,327,327,327,1,0.5,3,9
,,,,,,,,,,,,,,,0.0601,,,,,,,nogo.png,,GNG29,FS,2,2023-06-22_10h50.59.081,Cued_GNG,2022.2.5,MacIntel,60.04202942,,,0,0,328,328,328,1,0.5,3,9
,,,,,,,,,,,,,,space,0.0666,0.5005,,,,,,go.png,,GNG29,FS,2,2023-06-22_10h50.59.081,Cued_GNG,2022.2.5,MacIntel,60.04202942,,,0,0,329,329,329,1,0.5,3,9
,,,,,,,,,,,,,,,0.0655,,,,,,,nogo.png,,GNG29,FS,2,2023-06-22_10h50.59.081,Cued_GNG,2022.2.5,MacIntel,60.04202942,,,0,0,330,330,330,1,0.5,3,9
,,,,,,,,,,,,,,,0.0658,,,,,,,nogo.png,,GNG29,FS,2,2023-06-22_10h50.59.081,Cued_GNG,2022.2.5,MacIntel,60.04202942,,,0,0,331,331,331,1,0.5,3,9
,,,,,,,,,,,,,,space,0.07,0.4892,,,,,,go.png,,GNG29,FS,2,2023-06-22_10h50.59.081,Cued_GNG,2022.2.5,MacIntel,60.04202942,,,0,0,332,332,332,1,0.5,3,9
,,,,,,,,,,,,,,,0.0518,,,,,,,nogo.png,,GNG29,FS,2,2023-06-22_10h50.59.081,Cued_GNG,2022.2.5,MacIntel,60.04202942,,,0,0,333,333,333,1,0.5,3,9
,,,,,,,,,,,,,,,0.0636,,,,,,,nogo.png,,GNG29,FS,2,2023-06-22_10h50.59.081,Cued_GNG,2022.2.5,MacIntel,60.04202942,,,0,0,334,334,334,1,0.5,3,9
,,,,,,,,,,,,,,space,0.0512,0.4577,,,,,,go.png,,GNG29,FS,2,2023-06-22_10h50.59.081,Cued_GNG,2022.2.5,MacIntel,60.04202942,,,0,0,335,335,335,1,0.5,3,9
,,,,,,,,,,,,,,space,0.0628,0.4391,,,,,,go.png,,GNG29,FS,2,2023-06-22_10h50.59.081,Cued_GNG,2022.2.5,MacIntel,60.04202942,,,0,0,336,336,336,1,0.2,4,10
,,,,,,,,,,,,,,,0.0775,,,,,,,nogo.png,,GNG29,FS,2,2023-06-22_10h50.59.081,Cued_GNG,2022.2.5,MacIntel,60.04202942,,,0,0,337,337,337,1,0.2,4,10
,,,,,,,,,,,,,,,0.0744,,,,,,,nogo.png,,GNG29,FS,2,2023-06-22_10h50.59.081,Cued_GNG,2022.2.5,MacIntel,60.04202942,,,0,0,338,338,338,1,0.2,4,10
,,,,,,,,,,,,,,space,0.0688,0.3716,,,,,,go.png,,GNG29,FS,2,2023-06-22_10h50.59.081,Cued_GNG,2022.2.5,MacIntel,60.04202942,,,0,0,339,339,339,1,0.2,4,10
,,,,,,,,,,,,,,space,0.0666,0.3491,,,,,,go.png,,GNG29,FS,2,2023-06-22_10h50.59.081,Cued_GNG,2022.2.5,MacIntel,60.04202942,,,0,0,340,340,340,1,0.2,4,10
,,,,,,,,,,,,,,,0.0672,,,,,,,nogo.png,,GNG29,FS,2,2023-06-22_10h50.59.081,Cued_GNG,2022.2.5,MacIntel,60.04202942,,,0,0,341,341,341,1,0.2,4,10
,,,,,,,,,,,,,,,0.0507,,,,,,,nogo.png,,GNG29,FS,2,2023-06-22_10h50.59.081,Cued_GNG,2022.2.5,MacIntel,60.04202942,,,0,0,342,342,342,1,0.2,4,10
,,,,,,,,,,,,,,,0.0614,,,,,,,nogo.png,,GNG29,FS,2,2023-06-22_10h50.59.081,Cued_GNG,2022.2.5,MacIntel,60.04202942,,,0,0,343,343,343,1,0.2,4,10
,,,,,,,,,,,,,,,0.061,,,,,,,nogo.png,,GNG29,FS,2,2023-06-22_10h50.59.081,Cued_GNG,2022.2.5,MacIntel,60.04202942,,,0,0,344,344,344,1,0.2,4,10
,,,,,,,,,,,,,,,0.0649,,,,,,,nogo.png,,GNG29,FS,2,2023-06-22_10h50.59.081,Cued_GNG,2022.2.5,MacIntel,60.04202942,,,0,0,345,345,345,1,0.2,4,10
,,,,,,,,,,,,,,,0.0585,,,,,,,nogo.png,,GNG29,FS,2,2023-06-22_10h50.59.081,Cued_GNG,2022.2.5,MacIntel,60.04202942,,,0,0,346,346,346,1,0.2,4,10
,,,,,,,,,,,,,,space,0.074,0.5337,,,,,,go.png,,GNG29,FS,2,2023-06-22_10h50.59.081,Cued_GNG,2022.2.5,MacIntel,60.04202942,,,0,0,347,347,347,1,0.2,4,10
,,,,,,,,,,,,,,,0.0654,,,,,,,nogo.png,,GNG29,FS,2,2023-06-22_10h50.59.081,Cued_GNG,2022.2.5,MacIntel,60.04202942,,,0,0,348,348,348,1,0.2,4,10
,,,,,,,,,,,,,,,0.0553,,,,,,,nogo.png,,GNG29,FS,2,2023-06-22_10h50.59.081,Cued_GNG,2022.2.5,MacIntel,60.04202942,,,0,0,349,349,349,1,0.2,4,10
,,,,,,,,,,,,,,,0.0676,,,,,,,nogo.png,,GNG29,FS,2,2023-06-22_10h50.59.081,Cued_GNG,2022.2.5,MacIntel,60.04202942,,,0,0,350,350,350,1,0.2,4,10
,,,,,,,,,,,,,,,0.0618,,,,,,,nogo.png,,GNG29,FS,2,2023-06-22_10h50.59.081,Cued_GNG,2022.2.5,MacIntel,60.04202942,,,0,0,351,351,351,1,0.2,4,10
,,,,,,,,,,,,,,,0.0666,,,,,,,nogo.png,,GNG29,FS,2,2023-06-22_10h50.59.081,Cued_GNG,2022.2.5,MacIntel,60.04202942,,,0,0,352,352,352,1,0.2,4,10
,,,,,,,,,,,,,,,0.0683,,,,,,,nogo.png,,GNG29,FS,2,2023-06-22_10h50.59.081,Cued_GNG,2022.2.5,MacIntel,60.04202942,,,0,0,353,353,353,1,0.2,4,10
,,,,,,,,,,,,,,,0.0669,,,,,,,nogo.png,,GNG29,FS,2,2023-06-22_10h50.59.081,Cued_GNG,2022.2.5,MacIntel,60.04202942,,,0,0,354,354,354,1,0.2,4,10
,,,,,,,,,,,,,,space,0.0678,0.5326,,,,,,go.png,,GNG29,FS,2,2023-06-22_10h50.59.081,Cued_GNG,2022.2.5,MacIntel,60.04202942,,,0,0,355,355,355,1,0.2,4,10
,,,,,,,,,,,,,,,0.0517,,,,,,,nogo.png,,GNG29,FS,2,2023-06-22_10h50.59.081,Cued_GNG,2022.2.5,MacIntel,60.04202942,,,0,0,356,356,356,1,0.2,4,10
,,,,,,,,,,,,,,,0.0671,,,,,,,nogo.png,,GNG29,FS,2,2023-06-22_10h50.59.081,Cued_GNG,2022.2.5,MacIntel,60.04202942,,,0,0,357,357,357,1,0.2,4,10
,,,,,,,,,,,,,,,0.0522,,,,,,,nogo.png,,GNG29,FS,2,2023-06-22_10h50.59.081,Cued_GNG,2022.2.5,MacIntel,60.04202942,,,0,0,358,358,358,1,0.2,4,10
,,,,,,,,,,,,,,space,0.071,0.4649,,,,,,go.png,,GNG29,FS,2,2023-06-22_10h50.59.081,Cued_GNG,2022.2.5,MacIntel,60.04202942,,,0,0,359,359,359,1,0.2,4,10
,,,,,,,,,,,,,,,0.068,,,,,,,nogo.png,,GNG29,FS,2,2023-06-22_10h50.59.081,Cued_GNG,2022.2.5,MacIntel,60.04202942,,,0,0,360,360,360,1,0.2,4,10
,,,,,,,,,,,,,,,0.0636,,,,,,,nogo.png,,GNG29,FS,2,2023-06-22_10h50.59.081,Cued_GNG,2022.2.5,MacIntel,60.04202942,,,0,0,361,361,361,1,0.2,4,10
,,,,,,,,,,,,,,,0.0508,,,,,,,nogo.png,,GNG29,FS,2,2023-06-22_10h50.59.081,Cued_GNG,2022.2.5,MacIntel,60.04202942,,,0,0,362,362,362,1,0.2,4,10
,,,,,,,,,,,,,,,0.0566,,,,,,,nogo.png,,GNG29,FS,2,2023-06-22_10h50.59.081,Cued_GNG,2022.2.5,MacIntel,60.04202942,,,0,0,363,363,363,1,0.2,4,10
,,,,,,,,,,,,,,space,0.0616,0.4466,,,,,,go.png,,GNG29,FS,2,2023-06-22_10h50.59.081,Cued_GNG,2022.2.5,MacIntel,60.04202942,,,0,0,364,364,364,1,0.2,4,10
,,,,,,,,,,,,,,,0.0634,,,,,,,nogo.png,,GNG29,FS,2,2023-06-22_10h50.59.081,Cued_GNG,2022.2.5,MacIntel,60.04202942,,,0,0,365,365,365,1,0.2,4,10
,,,,,,,,,,,,,,,0.0627,,,,,,,nogo.png,,GNG29,FS,2,2023-06-22_10h50.59.081,Cued_GNG,2022.2.5,MacIntel,60.04202942,,,0,0,366,366,366,1,0.2,4,10
,,,,,,,,,,,,,,,0.0702,,,,,,,nogo.png,,GNG29,FS,2,2023-06-22_10h50.59.081,Cued_GNG,2022.2.5,MacIntel,60.04202942,,,0,0,367,367,367,1,0.2,4,10
,,,,,,,,,,,,,,,0.0502,,,,,,,nogo.png,,GNG29,FS,2,2023-06-22_10h50.59.081,Cued_GNG,2022.2.5,MacIntel,60.04202942,,,0,0,368,368,368,1,0.2,4,10
,,,,,,,,,,,,,,,0.0501,,,,,,,nogo.png,,GNG29,FS,2,2023-06-22_10h50.59.081,Cued_GNG,2022.2.5,MacIntel,60.04202942,,,0,0,369,369,369,1,0.2,4,10
,,,,,,,,,,,,,,,0.0545,,,,,,,nogo.png,,GNG29,FS,2,2023-06-22_10h50.59.081,Cued_GNG,2022.2.5,MacIntel,60.04202942,,,0,0,370,370,370,1,0.2,4,10
,,,,,,,,,,,,,,,0.0571,,,,,,,nogo.png,,GNG29,FS,2,2023-06-22_10h50.59.081,Cued_GNG,2022.2.5,MacIntel,60.04202942,,,0,0,371,371,371,1,0.2,4,10
,,,,,,,,,,,,,,space,0.0619,0.4521,,,,,,go.png,,GNG29,FS,2,2023-06-22_10h50.59.081,Cued_GNG,2022.2.5,MacIntel,60.04202942,,,0,0,372,372,372,1,0.2,4,10
,,,,,,,,,,,,,,,0.0581,,,,,,,nogo.png,,GNG29,FS,2,2023-06-22_10h50.59.081,Cued_GNG,2022.2.5,MacIntel,60.04202942,,,0,0,373,373,373,1,0.2,4,10
,,,,,,,,,,,,,,,0.0681,,,,,,,nogo.png,,GNG29,FS,2,2023-06-22_10h50.59.081,Cued_GNG,2022.2.5,MacIntel,60.04202942,,,0,0,374,374,374,1,0.2,4,10
,,,,,,,,,,,,,,,0.0519,,,,,,,nogo.png,,GNG29,FS,2,2023-06-22_10h50.59.081,Cued_GNG,2022.2.5,MacIntel,60.04202942,,,0,0,375,375,375,1,0.2,4,10
,,,,,,,,,,,,,,space,0.0628,0.4933,,,,,,go.png,,GNG29,FS,2,2023-06-22_10h50.59.081,Cued_GNG,2022.2.5,MacIntel,60.04202942,,,0,0,376,376,376,1,0.8,4,11
,,,,,,,,,,,,,,space,0.0538,0.446,,,,,,go.png,,GNG29,FS,2,2023-06-22_10h50.59.081,Cued_GNG,2022.2.5,MacIntel,60.04202942,,,0,0,377,377,377,1,0.8,4,11
,,,,,,,,,,,,,,space,0.0679,0.3586,,,,,,go.png,,GNG29,FS,2,2023-06-22_10h50.59.081,Cued_GNG,2022.2.5,MacIntel,60.04202942,,,0,0,378,378,378,1,0.8,4,11
,,,,,,,,,,,,,,,0.0692,,,,,,,nogo.png,,GNG29,FS,2,2023-06-22_10h50.59.081,Cued_GNG,2022.2.5,MacIntel,60.04202942,,,0,0,379,379,379,1,0.8,4,11
,,,,,,,,,,,,,,space,0.0509,0.3694,,,,,,go.png,,GNG29,FS,2,2023-06-22_10h50.59.081,Cued_GNG,2022.2.5,MacIntel,60.04202942,,,0,0,380,380,380,1,0.8,4,11
,,,,,,,,,,,,,,space,0.0589,0.4074,,,,,,go.png,,GNG29,FS,2,2023-06-22_10h50.59.081,Cued_GNG,2022.2.5,MacIntel,60.04202942,,,0,0,381,381,381,1,0.8,4,11
,,,,,,,,,,,,,,space,0.0576,0.434,,,,,,go.png,,GNG29,FS,2,2023-06-22_10h50.59.081,Cued_GNG,2022.2.5,MacIntel,60.04202942,,,0,0,382,382,382,1,0.8,4,11
,,,,,,,,,,,,,,,0.0515,,,,,,,nogo.png,,GNG29,FS,2,2023-06-22_10h50.59.081,Cued_GNG,2022.2.5,MacIntel,60.04202942,,,0,0,383,383,383,1,0.8,4,11
,,,,,,,,,,,,,,space,0.0622,0.4626,,,,,,go.png,,GNG29,FS,2,2023-06-22_10h50.59.081,Cued_GNG,2022.2.5,MacIntel,60.04202942,,,0,0,384,384,384,1,0.8,4,11
,,,,,,,,,,,,,,space,0.0516,0.4013,,,,,,go.png,,GNG29,FS,2,2023-06-22_10h50.59.081,Cued_GNG,2022.2.5,MacIntel,60.04202942,,,0,0,385,385,385,1,0.8,4,11
,,,,,,,,,,,,,,space,0.0631,0.4149,,,,,,go.png,,GNG29,FS,2,2023-06-22_10h50.59.081,Cued_GNG,2022.2.5,MacIntel,60.04202942,,,0,0,386,386,386,1,0.8,4,11
,,,,,,,,,,,,,,space,0.0659,0.4159,,,,,,go.png,,GNG29,FS,2,2023-06-22_10h50.59.081,Cued_GNG,2022.2.5,MacIntel,60.04202942,,,0,0,387,387,387,1,0.8,4,11
,,,,,,,,,,,,,,space,0.0516,0.3462,,,,,,go.png,,GNG29,FS,2,2023-06-22_10h50.59.081,Cued_GNG,2022.2.5,MacIntel,60.04202942,,,0,0,388,388,388,1,0.8,4,11
,,,,,,,,,,,,,,space,0.0639,0.3633,,,,,,go.png,,GNG29,FS,2,2023-06-22_10h50.59.081,Cued_GNG,2022.2.5,MacIntel,60.04202942,,,0,0,389,389,389,1,0.8,4,11
,,,,,,,,,,,,,,,0.0508,,,,,,,nogo.png,,GNG29,FS,2,2023-06-22_10h50.59.081,Cued_GNG,2022.2.5,MacIntel,60.04202942,,,0,0,390,390,390,1,0.8,4,11
,,,,,,,,,,,,,,space,0.0571,0.4193,,,,,,go.png,,GNG29,FS,2,2023-06-22_10h50.59.081,Cued_GNG,2022.2.5,MacIntel,60.04202942,,,0,0,391,391,391,1,0.8,4,11
,,,,,,,,,,,,,,space,0.0681,0.3989,,,,,,go.png,,GNG29,FS,2,2023-06-22_10h50.59.081,Cued_GNG,2022.2.5,MacIntel,60.04202942,,,0,0,392,392,392,1,0.8,4,11
,,,,,,,,,,,,,,space,0.0511,0.375,,,,,,go.png,,GNG29,FS,2,2023-06-22_10h50.59.081,Cued_GNG,2022.2.5,MacIntel,60.04202942,,,0,0,393,393,393,1,0.8,4,11
,,,,,,,,,,,,,,,0.0694,,,,,,,nogo.png,,GNG29,FS,2,2023-06-22_10h50.59.081,Cued_GNG,2022.2.5,MacIntel,60.04202942,,,0,0,394,394,394,1,0.8,4,11
,,,,,,,,,,,,,,space,0.0674,0.4306,,,,,,go.png,,GNG29,FS,2,2023-06-22_10h50.59.081,Cued_GNG,2022.2.5,MacIntel,60.04202942,,,0,0,395,395,395,1,0.8,4,11
,,,,,,,,,,,,,,space,0.064,0.3719,,,,,,go.png,,GNG29,FS,2,2023-06-22_10h50.59.081,Cued_GNG,2022.2.5,MacIntel,60.04202942,,,0,0,396,396,396,1,0.8,4,11
,,,,,,,,,,,,,,space,0.06,0.3655,,,,,,go.png,,GNG29,FS,2,2023-06-22_10h50.59.081,Cued_GNG,2022.2.5,MacIntel,60.04202942,,,0,0,397,397,397,1,0.8,4,11
,,,,,,,,,,,,,,space,0.0623,0.3803,,,,,,go.png,,GNG29,FS,2,2023-06-22_10h50.59.081,Cued_GNG,2022.2.5,MacIntel,60.04202942,,,0,0,398,398,398,1,0.8,4,11
,,,,,,,,,,,,,,space,0.0648,0.4717,,,,,,go.png,,GNG29,FS,2,2023-06-22_10h50.59.081,Cued_GNG,2022.2.5,MacIntel,60.04202942,,,0,0,399,399,399,1,0.8,4,11
,,,,,,,,,,,,,,space,0.0544,0.4228,,,,,,go.png,,GNG29,FS,2,2023-06-22_10h50.59.081,Cued_GNG,2022.2.5,MacIntel,60.04202942,,,0,0,400,400,400,1,0.8,4,11
,,,,,,,,,,,,,,,0.0764,,,,,,,nogo.png,,GNG29,FS,2,2023-06-22_10h50.59.081,Cued_GNG,2022.2.5,MacIntel,60.04202942,,,0,0,401,401,401,1,0.8,4,11
,,,,,,,,,,,,,,,0.0565,,,,,,,nogo.png,,GNG29,FS,2,2023-06-22_10h50.59.081,Cued_GNG,2022.2.5,MacIntel,60.04202942,,,0,0,402,402,402,1,0.8,4,11
,,,,,,,,,,,,,,space,0.0514,0.3646,,,,,,go.png,,GNG29,FS,2,2023-06-22_10h50.59.081,Cued_GNG,2022.2.5,MacIntel,60.04202942,,,0,0,403,403,403,1,0.8,4,11
,,,,,,,,,,,,,,space,0.0671,0.4701,,,,,,go.png,,GNG29,FS,2,2023-06-22_10h50.59.081,Cued_GNG,2022.2.5,MacIntel,60.04202942,,,0,0,404,404,404,1,0.8,4,11
,,,,,,,,,,,,,,space,0.0599,0.3375,,,,,,go.png,,GNG29,FS,2,2023-06-22_10h50.59.081,Cued_GNG,2022.2.5,MacIntel,60.04202942,,,0,0,405,405,405,1,0.8,4,11
,,,,,,,,,,,,,,,0.0714,,,,,,,nogo.png,,GNG29,FS,2,2023-06-22_10h50.59.081,Cued_GNG,2022.2.5,MacIntel,60.04202942,,,0,0,406,406,406,1,0.8,4,11
,,,,,,,,,,,,,,space,0.0595,0.3908,,,,,,go.png,,GNG29,FS,2,2023-06-22_10h50.59.081,Cued_GNG,2022.2.5,MacIntel,60.04202942,,,0,0,407,407,407,1,0.8,4,11
,,,,,,,,,,,,,,space,0.0567,0.3886,,,,,,go.png,,GNG29,FS,2,2023-06-22_10h50.59.081,Cued_GNG,2022.2.5,MacIntel,60.04202942,,,0,0,408,408,408,1,0.8,4,11
,,,,,,,,,,,,,,space,0.0671,0.3824,,,,,,go.png,,GNG29,FS,2,2023-06-22_10h50.59.081,Cued_GNG,2022.2.5,MacIntel,60.04202942,,,0,0,409,409,409,1,0.8,4,11
,,,,,,,,,,,,,,space,0.0514,0.3943,,,,,,go.png,,GNG29,FS,2,2023-06-22_10h50.59.081,Cued_GNG,2022.2.5,MacIntel,60.04202942,,,0,0,410,410,410,1,0.8,4,11
,,,,,,,,,,,,,,,0.0582,,,,,,,nogo.png,,GNG29,FS,2,2023-06-22_10h50.59.081,Cued_GNG,2022.2.5,MacIntel,60.04202942,,,0,0,411,411,411,1,0.8,4,11
,,,,,,,,,,,,,,space,0.079,0.4398,,,,,,go.png,,GNG29,FS,2,2023-06-22_10h50.59.081,Cued_GNG,2022.2.5,MacIntel,60.04202942,,,0,0,412,412,412,1,0.8,4,11
,,,,,,,,,,,,,,space,0.0629,0.3531,,,,,,go.png,,GNG29,FS,2,2023-06-22_10h50.59.081,Cued_GNG,2022.2.5,MacIntel,60.04202942,,,0,0,413,413,413,1,0.8,4,11
,,,,,,,,,,,,,,space,0.0502,0.3664,,,,,,go.png,,GNG29,FS,2,2023-06-22_10h50.59.081,Cued_GNG,2022.2.5,MacIntel,60.04202942,,,0,0,414,414,414,1,0.8,4,11
,,,,,,,,,,,,,,space,0.0654,0.3711,,,,,,go.png,,GNG29,FS,2,2023-06-22_10h50.59.081,Cued_GNG,2022.2.5,MacIntel,60.04202942,,,0,0,415,415,415,1,0.8,4,11
,,,,,,,,,,,,,,,0.0711,,,,,,,nogo.png,,GNG29,FS,2,2023-06-22_10h50.59.081,Cued_GNG,2022.2.5,MacIntel,60.04202942,,,0,0,416,416,416,1,0.5,4,12
,,,,,,,,,,,,,,,0.0586,,,,,,,nogo.png,,GNG29,FS,2,2023-06-22_10h50.59.081,Cued_GNG,2022.2.5,MacIntel,60.04202942,,,0,0,417,417,417,1,0.5,4,12
,,,,,,,,,,,,,,,0.0536,,,,,,,nogo.png,,GNG29,FS,2,2023-06-22_10h50.59.081,Cued_GNG,2022.2.5,MacIntel,60.04202942,,,0,0,418,418,418,1,0.5,4,12
,,,,,,,,,,,,,,space,0.0536,0.4518,,,,,,go.png,,GNG29,FS,2,2023-06-22_10h50.59.081,Cued_GNG,2022.2.5,MacIntel,60.04202942,,,0,0,419,419,419,1,0.5,4,12
,,,,,,,,,,,,,,space,0.0541,0.3535,,,,,,go.png,,GNG29,FS,2,2023-06-22_10h50.59.081,Cued_GNG,2022.2.5,MacIntel,60.04202942,,,0,0,420,420,420,1,0.5,4,12
,,,,,,,,,,,,,,space,0.0612,0.4609,,,,,,go.png,,GNG29,FS,2,2023-06-22_10h50.59.081,Cued_GNG,2022.2.5,MacIntel,60.04202942,,,0,0,421,421,421,1,0.5,4,12
,,,,,,,,,,,,,,,0.0521,,,,,,,nogo.png,,GNG29,FS,2,2023-06-22_10h50.59.081,Cued_GNG,2022.2.5,MacIntel,60.04202942,,,0,0,422,422,422,1,0.5,4,12
,,,,,,,,,,,,,,,0.0515,,,,,,,nogo.png,,GNG29,FS,2,2023-06-22_10h50.59.081,Cued_GNG,2022.2.5,MacIntel,60.04202942,,,0,0,423,423,423,1,0.5,4,12
,,,,,,,,,,,,,,space,0.0641,0.439,,,,,,go.png,,GNG29,FS,2,2023-06-22_10h50.59.081,Cued_GNG,2022.2.5,MacIntel,60.04202942,,,0,0,424,424,424,1,0.5,4,12
,,,,,,,,,,,,,,,0.0529,,,,,,,nogo.png,,GNG29,FS,2,2023-06-22_10h50.59.081,Cued_GNG,2022.2.5,MacIntel,60.04202942,,,0,0,425,425,425,1,0.5,4,12
,,,,,,,,,,,,,,space,0.063,0.3912,,,,,,go.png,,GNG29,FS,2,2023-06-22_10h50.59.081,Cued_GNG,2022.2.5,MacIntel,60.04202942,,,0,0,426,426,426,1,0.5,4,12
,,,,,,,,,,,,,,space,0.0672,0.4341,,,,,,go.png,,GNG29,FS,2,2023-06-22_10h50.59.081,Cued_GNG,2022.2.5,MacIntel,60.04202942,,,0,0,427,427,427,1,0.5,4,12
,,,,,,,,,,,,,,,0.0636,,,,,,,nogo.png,,GNG29,FS,2,2023-06-22_10h50.59.081,Cued_GNG,2022.2.5,MacIntel,60.04202942,,,0,0,428,428,428,1,0.5,4,12
,,,,,,,,,,,,,,,0.0512,,,,,,,nogo.png,,GNG29,FS,2,2023-06-22_10h50.59.081,Cued_GNG,2022.2.5,MacIntel,60.04202942,,,0,0,429,429,429,1,0.5,4,12
,,,,,,,,,,,,,,space,0.0567,0.5251,,,,,,go.png,,GNG29,FS,2,2023-06-22_10h50.59.081,Cued_GNG,2022.2.5,MacIntel,60.04202942,,,0,0,430,430,430,1,0.5,4,12
,,,,,,,,,,,,,,,0.0835,,,,,,,nogo.png,,GNG29,FS,2,2023-06-22_10h50.59.081,Cued_GNG,2022.2.5,MacIntel,60.04202942,,,0,0,431,431,431,1,0.5,4,12
,,,,,,,,,,,,,,space,0.055,0.3793,,,,,,go.png,,GNG29,FS,2,2023-06-22_10h50.59.081,Cued_GNG,2022.2.5,MacIntel,60.04202942,,,0,0,432,432,432,1,0.5,4,12
,,,,,,,,,,,,,,space,0.0682,0.4276,,,,,,go.png,,GNG29,FS,2,2023-06-22_10h50.59.081,Cued_GNG,2022.2.5,MacIntel,60.04202942,,,0,0,433,433,433,1,0.5,4,12
,,,,,,,,,,,,,,,0.0616,,,,,,,nogo.png,,GNG29,FS,2,2023-06-22_10h50.59.081,Cued_GNG,2022.2.5,MacIntel,60.04202942,,,0,0,434,434,434,1,0.5,4,12
,,,,,,,,,,,,,,space,0.0662,0.4289,,,,,,go.png,,GNG29,FS,2,2023-06-22_10h50.59.081,Cued_GNG,2022.2.5,MacIntel,60.04202942,,,0,0,435,435,435,1,0.5,4,12
,,,,,,,,,,,,,,space,0.0655,0.4372,,,,,,go.png,,GNG29,FS,2,2023-06-22_10h50.59.081,Cued_GNG,2022.2.5,MacIntel,60.04202942,,,0,0,436,436,436,1,0.5,4,12
,,,,,,,,,,,,,,,0.0521,,,,,,,nogo.png,,GNG29,FS,2,2023-06-22_10h50.59.081,Cued_GNG,2022.2.5,MacIntel,60.04202942,,,0,0,437,437,437,1,0.5,4,12
,,,,,,,,,,,,,,,0.067,,,,,,,nogo.png,,GNG29,FS,2,2023-06-22_10h50.59.081,Cued_GNG,2022.2.5,MacIntel,60.04202942,,,0,0,438,438,438,1,0.5,4,12
,,,,,,,,,,,,,,space,0.0631,0.4484,,,,,,go.png,,GNG29,FS,2,2023-06-22_10h50.59.081,Cued_GNG,2022.2.5,MacIntel,60.04202942,,,0,0,439,439,439,1,0.5,4,12
,,,,,,,,,,,,,,space,0.0598,0.4201,,,,,,go.png,,GNG29,FS,2,2023-06-22_10h50.59.081,Cued_GNG,2022.2.5,MacIntel,60.04202942,,,0,0,440,440,440,1,0.5,4,12
,,,,,,,,,,,,,,,0.0724,,,,,,,nogo.png,,GNG29,FS,2,2023-06-22_10h50.59.081,Cued_GNG,2022.2.5,MacIntel,60.04202942,,,0,0,441,441,441,1,0.5,4,12
,,,,,,,,,,,,,,,0.0672,,,,,,,nogo.png,,GNG29,FS,2,2023-06-22_10h50.59.081,Cued_GNG,2022.2.5,MacIntel,60.04202942,,,0,0,442,442,442,1,0.5,4,12
,,,,,,,,,,,,,,,0.0564,,,,,,,nogo.png,,GNG29,FS,2,2023-06-22_10h50.59.081,Cued_GNG,2022.2.5,MacIntel,60.04202942,,,0,0,443,443,443,1,0.5,4,12
,,,,,,,,,,,,,,space,0.0684,0.4919,,,,,,go.png,,GNG29,FS,2,2023-06-22_10h50.59.081,Cued_GNG,2022.2.5,MacIntel,60.04202942,,,0,0,444,444,444,1,0.5,4,12
,,,,,,,,,,,,,,space,0.0526,0.4216,,,,,,go.png,,GNG29,FS,2,2023-06-22_10h50.59.081,Cued_GNG,2022.2.5,MacIntel,60.04202942,,,0,0,445,445,445,1,0.5,4,12
,,,,,,,,,,,,,,,0.0609,,,,,,,nogo.png,,GNG29,FS,2,2023-06-22_10h50.59.081,Cued_GNG,2022.2.5,MacIntel,60.04202942,,,0,0,446,446,446,1,0.5,4,12
,,,,,,,,,,,,,,space,0.0544,0.4304,,,,,,go.png,,GNG29,FS,2,2023-06-22_10h50.59.081,Cued_GNG,2022.2.5,MacIntel,60.04202942,,,0,0,447,447,447,1,0.5,4,12
